韓国語,品詞,日本語訳,定義
그래,感動詞,そう,「そうする。そうである。わかった」などという肯定の返事をする時にいう語。
아,感動詞,あ。あら。や。おお。わあ,驚き、うろたえ、焦りなどの感情を表す時に発する語。
아뇨,感動詞,いいえ,目上の人からの質問に対し、否定の意を表して答える時にいう語。
아니야,感動詞,いや,問いに対して強調しながら、または強く否定して答えるのに用いる語。
아니요,感動詞,いいえ,目上の人の問いに対し、否定して答えるのに用いる語。
아야,感動詞,いてっ,突然痛みを感じた時に思わず口から出てくる声。
야,感動詞,やあ。おや,驚いた時や誰かに会ってうれしい時に出す声。
어,感動詞,あ。あら。や。おお。わあ,驚き、うろたえ、焦りなどの感情を表す時に発する語。
여보세요,感動詞,もしもし,近くにいる相手に呼びかけるときにいう語。
예,感動詞,はい,目上の人に呼ばれた時に答える語。
우,感動詞,うう,つまらないことや間違いなどを非難したり皮肉ってからかう時に出す声。
우아,感動詞,わ。わあ,思いもかけない出来事に嬉しくて発する語。
우와,感動詞,わあ。うわー,思いがけない良いことで、嬉しかったり驚いたりした時に出す声。
우우,感動詞,,相手をあざけったりからかったりする時に発する語。
으응,感動詞,うん。ああ,反問したり肯定したりする時にいう語。
파이팅,感動詞,ファイト,スポーツで、「頑張れ」「しっかりやれ」などの意のかけ声。
저,感動詞/冠形詞/代名詞,わたくし【私】 | あれ【彼】 | あの【彼の】 | あの【彼の】。あのう,目上の人に対して自分をへりくだっていう語。 | 話し手と聞き手から遠く離れている対象を指す語。 | 話し手と聞き手から遠く離れている対象を指す語。 | 言葉に詰まった時に用いる語。
네,感動詞/冠形詞/代名詞/品詞なし,おまえ【お前】。きみ【君】 | よっつの【四つの】	 | はい　 | あなたの。きみの【君の】。おまえの【お前の】,"二人称代名詞「너」に主格助詞「가」があとにつく場合の形。 | 四つの。
 | 目上の人の呼びかけに答える時にいう語。 | ｢너의｣の縮約形。"
뭐,感動詞/代名詞,なん・なに【何】 | なに【何】。ええっ。はあ,知らない事実・事物を指す語。 | 驚いた時に出す声。
어디,感動詞/代名詞,どこ,"知らない場所を指す語。
 | ある事を成し遂げようとして、機会をうかがったり念を押したりするのに用いる語。"
후,感動詞/名詞,ふう | あと【後】,仕事が大変だったり心配なことがあった時に、息を大きく長く吐き出す声。 | ある程度の時間が過ぎた後。
그럼,感動詞/副詞,"それなら。ならば
 | そうだとも。そうとも。もちろん。たしかに【確かに】","前の内容が後ろの内容の条件になる時に用いる語。
 | 言うまでもなく当然だという意味で答える時にいう語。"
아니,感動詞/副詞,いや。いえ。ううん,"用言の前について否定や反対の意を表す語。
 | 目下の人、または年齢や地位が同等な人からの質問に対して否定の意を表して答える時にいう語。"
와,感動詞/助詞,わ。わあ | と,思いもかけない出来事に嬉しくて発する語。 | 比較の対象や基準となる対象であることを表す助詞。
그런,冠形詞,そんな。そのような。そうした。そういう,状態・模様・性質などがそのようなさま。
다른,冠形詞,ほかの【他の】。べつの【別の】,当該すること以外の。
두,冠形詞,に【二】。ふたつ【二つ】,二つの。
두세,冠形詞,にさん【二三】。ふたつみっつ【二つ三つ】,2か3ぐらいの。二つか三つぐらいの。
모든,冠形詞,すべての。あらゆる。ぜん【全】,欠落したり余ったりせず、全部であるさま。
무슨,冠形詞,なに【何】。なんの。どの。どのような。どういう,確実でないか、よく知らないこと、対象、ものなどを聞く時に使う語。
서너,冠形詞,さんよん【三四】,3か４の。
스무,冠形詞,にじゅう【二十】,20の。
어느,冠形詞,どの。どんな,多くの中でどんな。
어떤,冠形詞,どんな。どのような。どういう,人や物の特徴、内容、性格、形などについて聞く時に用いる語。
여러,冠形詞,いくつかの【幾つかの】。ふくすうの【複数の】。おおくの【多くの】。いろいろな【色色な】,多くの。
이런,冠形詞,こんな,状態、形、性質などがこのような。
저런,冠形詞,あんな,状態、形、性質などがあのような。
그,冠形詞/代名詞,かれ【彼】 | その,話し手や聞き手を除いた人をさす語。 | 空間的に聞き手に近い人や物、または聞き手が考えている対象をさすときに使う語。
아무,冠形詞/代名詞,だれ【誰】 | どの。なんの【なんの】。なに【何】。どんな,特定されていない人をさす語。 | 特定されていない人や物事をさす語。
이,冠形詞/代名詞/名詞/数詞,"は【歯】。しが【歯牙】
 | これ【此れ】 | この
 | に【二】 | に【二】","人間や動物の口の中にあり、何かを噛んだり食物を咀嚼したりする器官。
 | 話し手の近くにあるものや話し手が考えていることを指す語。 | 話し手の近くにあるか、話し手が考えている対象を指す語。
 | １に１を足した数。 | 2の。"
새,冠形詞/名詞,"とり【鳥】
 | しん【新】","体に羽や翼があり、2本足の、飛ぶ動物。
 | 既に存在するものではなく、初めてできたものの。"
구,冠形詞/名詞/数詞,"く【句】 | く【区】
 | きゅう・く【九】	 | きゅう【九】","2つ以上の単語が集まって文の一部分をなす言葉の単位。 | 特別市・広域市および人口50万以上の大都市の洞の上の行政区域単位。
 | 8に1を足した数。
 | 9の。"
다섯째,冠形詞/名詞/数詞,"いつつめ【五つ目】
 | いつつめ【五つ目】。ごばんめ【五番目】	 | いつつめの【五つ目の】。ごばんめの【五番目の】","最初から数えて5番目になること。
 | 順番の5番目。
 | 最初から数えて5番目になるさま。"
주,冠形詞/名詞/依存名詞,ちゅう【注・註】 | しゅう【週】 | しゅたる【主たる】。おもな【主な】,文章や言葉のある部分に対し、その意味を詳しく理解できるように書いておいた文句。 | 月曜日から日曜日までの7日間を一区切りとして数える単位。 | 基本や中心となるさま。
구십,冠形詞/数詞,きゅうじゅう・くじゅう【九十】	 | きゅうじゅうの【九十の】,"10の9倍になる数。
 | 九十になるさま。"
네다섯,冠形詞/数詞,よっつかいつつ【四つか五つ】	 | しご【四五】,"四つか五つくらいの数。
 | 4か5ぐらいの。四つか五つぐらいの。"
다섯,冠形詞/数詞,ご【五】。いつつ【五つ】 | ご【五】。いつつ【五つ】,"四つに一つを足した数。
 | 四に一を足した数の。"
마흔,冠形詞/数詞,しじゅう・よんじゅう【四十】	 | しじゅう・よんじゅう【四十】,"十の4倍になる数。
 | 10の4倍の数の。"
사,冠形詞/数詞,し・よん【四】	 | よんの【四の】,"3に1を足した数。
 | 4の。四つの。"
사십,冠形詞/数詞,よんじゅう・しじゅう【四十】 | よんじゅうの・しじゅうの【四十の】,10の4倍になる数。 | 40の。四十の。
서른,冠形詞/数詞,さんじゅう【三十】 | さんじゅう【三十】,10の3倍となる数。 | 10の3倍となる数の。
아홉,冠形詞/数詞,"く・きゅう・ここ・ここの【九】
 | きゅう・く【九】","八に一を足した数。
 | 8に1を足した数の。"
아흔,冠形詞/数詞,きゅうじゅう【九十】 | きゅうじゅう【九十】,10の9倍となる数。 | 10の9倍となる数の。
여덟,冠形詞/数詞,やつ・やっつ【八つ】。はち【八】 | やつ・やっつ【八つ】。はち【八】,七に一を足した数。 | 七に一を足した数の。
여든,冠形詞/数詞,はちじゅう【八十】 | はちじゅう【八十】,10の8倍となる数。 | 10の8倍となる数の。
여섯,冠形詞/数詞,むつ・むっつ【六つ】。ろく【六】 | むつ・むっつ【六つ】。ろく【六】,五に一を足した数。 | 五に一を足した数の。
예순,冠形詞/数詞,ろくじゅう【六十】 | ろくじゅう【六十】,10の6倍となる数。 | 10の6倍となる数の。
오,冠形詞/数詞,ご【五】	 | いつつの【五つの】,"4に1を足した数。
 | 五つの。"
오십,冠形詞/数詞,ごじゅう【五十】	 | ごじゅう【五十】,"10の5倍にあたる数。
 | 50の。"
이십,冠形詞/数詞,にじゅう【二十】 | にじゅう【二十】,10の2倍の数。 | 20の。
세,冠形詞/依存名詞,"さん・み・みっつ・みつ【三】
 | さい【歳・才】","三つの。
 | 年齢を数える単位。"
거기,代名詞,そこ。そちら。,聞き手に近い場所をさす語。
그거,代名詞,それ,聞き手に近いものや、聞き手が考えているものをさす語。
그것,代名詞,それ,聞き手に近いものや、聞き手が考えているものをさす語。
그곳,代名詞,そこ,聞き手に近い場所をさす語。
그분,代名詞,そのかた【その方】。あのかた【あの方】,その人やあの人を深い敬意をこめていう語。
그쪽,代名詞,そちら。そっち。そちらがわ【そちら側】。むこう【向こう】,聞き手に近い場所や方向をさす語。
나,代名詞,わたし【私】。ぼく【僕】。おれ【俺】。じぶん【自分】,話し手が友人や目下の人に対し、自分をさす語。
내,代名詞,わたし【私】。ぼく【僕】。おれ【俺】。じぶん【自分】,一人称代名詞「나」に主格助詞「가」があとにつく場合の形。
너,代名詞,おまえ【お前】。きみ【君】,聞き手が友人か目下の人である場合、その聞き手をさす語。
너희,代名詞,おまえたち【お前たち】。きみたち【君たち】。おまえら【お前等】。きみら【君等】,聞き手が複数の友人か目下の人たちである場合、その聞き手をさす語。
누구,代名詞,だれ【誰】,知らない人をさす語。
무엇,代名詞,なに【何】,未知の事実や事物を指していう語。
여기,代名詞,ここ,話し手に近い所をさしていう語。
여러분,代名詞,みなさん【皆さん】。みなさま【皆様】,複数の聞き手がいる場合、その聞き手たちを敬って呼ぶ語。
우리,代名詞,わたくしたち【私達】,話し手が自分と聞き手、またそれを含めた複数の人たちを指す語。
이거,代名詞,これ【此れ】,話し手の近くにあるものや話し手が考えていることを指す語。
이것,代名詞,これ,話し手の近くにあるか、話し手が考えている対象を指す語。
이곳,代名詞,ここ【此処・此所・此・是・爰・茲】。こちら【此方】。こっち【此方】,話し手に近いところを指す語。
이분,代名詞,このかた【此の方】,「この人」を深い敬意をこめていう語。
이쪽,代名詞,こち【此方】。こちら【此方】。こっち【此方】,話し手に近い所や方向を指す語。
저거,代名詞,あれ【彼】,話し手と聞き手から遠く離れているものを指す語。
저것,代名詞,あれ【彼】,話し手と聞き手から遠く離れているものを指す語。
저곳,代名詞,あそこ【彼処・彼所】。あちら【彼方】。あっち【彼方】,話し手や聞き手から遠く離れているところを指す語。
저기,代名詞,あそこ【彼処・彼所】。あちら【彼方】。あっち【彼方】,話し手や聞き手から遠く離れているところを指す語。
저분,代名詞,あのかた【彼の方】,「あの人」を深い敬意をこめていう語。
저쪽,代名詞,あち【彼方】。あちら【彼方】。あっち【彼方】,話し手と聞き手から遠く離れた所や方向を指す語。
저희,代名詞,わたくしたち【私達】。じぶんたち【自分達】,話し手が目上の人に自分を含めた複数の人を指していう語。
제,代名詞/品詞なし,わたくし【私】 | わたくしの【私の】,話し手が自分をへりくだっていう語である「저」に助詞「가」がつく時の形。 | 話し手が自分自身をへりくだっていう語である「저」に「의」が付いた「저의」の縮約形。
가까워지다,動詞,ちかづく【近付く】。ちかくなる【近くなる】,ある場所から他の場所までの距離が短くなる。
가까이하다,動詞,したしむ【親しむ】。ちかよる【近寄る】,親しくする。
가다,動詞,ゆく・いく【行く】。うつる【移る】,ある場所から他の場所へ移動する。
가르치다,動詞,おしえる【教える】,知識や技術などを説明して習得させる。
가리키다,動詞,さす【指す】。しめす【示す】,指や物をある方向や対象に向けて、それを知らせる。
가벼워지다,動詞,かるくなる【軽くなる】,軽い状態になる。
가위질하다,動詞,はさみをいれる【はさみを入れる】。はさみできる【はさみで切る】,はさみで切ったり、切り取る。
가져가다,動詞,もっていく【持っていく】。はこぶ【運ぶ】,あるものをある場所から他の場所へ移していく。
가져오다,動詞,もってくる【持ってくる】。はこぶ【運ぶ】,あるものをある場所から他の場所へ移してくる。
거절되다,動詞,きょぜつされる【拒絶される】。きょひされる【拒否される】。ことわられる【断られる】。えんりょされる【遠慮される】,頼みや提案、贈り物などが受け入れられない。
거절하다,動詞,きょぜつする【拒絶する】。きょひする【拒否する】。ことわる【断る】。えんりょする【遠慮する】,人からの頼みや提案、贈り物などを受け入れない。
거짓말하다,動詞,うそをつく【嘘を付く】。いつわる【偽る】,事実でないことを事実であるように偽って言う。
계산되다,動詞,けいさんされる【計算される】。かんじょうされる【勘定される】,数が数えられたり、足し算・引き算・掛け算・割り算などの勘定が行われたりする。
계산하다,動詞,けいさんする【計算する】。かんじょうする【勘定する】,数を数えたり、足し算・引き算・掛け算・割り算などの勘定をしたりする。
계속되다,動詞,つづく【続く】。けいぞくする【継続する】。れんぞくする【連続する】。じぞくする【持続する】,絶えることなく続いていく。
계속하다,動詞,つづける【続ける】。けいぞくする【継続する】。れんぞくする【連続する】。じぞくする【持続する】,絶つことなく続けていく。
계획되다,動詞,けいかくされる【計画される】,これからの事がじっくり考えられて決められる。
계획하다,動詞,けいかくする【計画する】,これからの事をじっくり考えて決める。
고르다,動詞,えらぶ【選ぶ】。せんたくする【選択する】,多くの中からある物を取り出す。
고민되다,動詞,なやむ【悩む】,心の中に悩み事があって苦しみ、思いわずらう。
고민하다,動詞,なやむ【悩む】,心の中に悩み事があって苦しみ、思いわずらう。
고치다,動詞,なおす【直す】,壊れたり使えなくなったりしたものを役に立つようにする。
교육되다,動詞,きょういくされる【教育される】,知識・教養・技術などを教わって能力が高まる。
교육하다,動詞,きょういくする【教育する】,個人の能力を育てるため、知識・教養・技術などを教える。
교환되다,動詞,こうかんされる【交換される】,何かが別のものと取り替えられる。
교환하다,動詞,こうかんする【交換する】,何かを別のものと取り替える。
구경하다,動詞,けんぶつする【見物する】,興味や関心を持って見る。
귀여워하다,動詞,かわいがる【可愛がる】,自分より幼い人や動物を可愛いと思ってやさしく扱う。
그리다,動詞,かく・えがく【描く】,鉛筆や筆などを利用して、線や色で物を表す。
그만두다,動詞,やめる【止める・辞める】,やっていることを中断する。
그치다,動詞,やむ【止む】。とまる【止まる】,続いていたこと、動き、現象などが続かなくなる。
기다리다,動詞,まつ【待つ】,人や時期が来たり、あることが行われたりするまで時間を過ごす。
기르다,動詞,そだてる【育てる】。かう【飼う】。やしなう【養う】,動植物に餌や養分をやって、保護して、成長させる。
기뻐하다,動詞,よろこぶ【喜ぶ】,楽しく快い気持ちになる。
기억나다,動詞,おもいだす【思い出す】,以前の姿、事実、知識、経験などが心や頭の中によみがえる。
기억되다,動詞,きおくされる【記憶される】。おぼえられる【覚えられる】,以前の姿、事実、知識、経験などが忘れられなかったり、再び思い出したりする。
기억하다,動詞,きおくする【記憶する】。おぼえる【覚える】,以前の姿、事実、知識、経験などを忘れなかったり、再び思い出したりする。
기침하다,動詞,せきをする【咳をする】,肺からのどを通って空気が荒い音を出しながら急に出る。
깨다,動詞,さめる【覚める】,酔っている状態などから、意識のはっきりした状態に戻る。
꺼내다,動詞,だす【出す】。とりだす【取り出す】。もちだす【持ち出す】,中にある物を外に移す。
꾸다,動詞,みる【見る】,寝ている間、夢の中で実際のように見て、聞いて、感じる。
끄다,動詞,けす【消す】,燃えている火をなくならせる。
끼다,動詞,はさむ【挟む】。さしこむ【差し込む】。はめる【填める】,物と物との間に何かを入れて落ちないようにする。
나가다,動詞,でる【出る】,ある地域や空間の中から外へ移動する。
나누다,動詞,わける【分ける】。わる【割る】。ぶんかつする【分割する】,一つにまとまっている物をいくつかの部分にする。
나다,動詞,できる【出来る】。はえる【生える】,皮膚の表面や地上に出て来る。
나오다,動詞,でる【出る】,中から外へ移動する。
나타나다,動詞,あらわれる【現れる】,見えなかった物の姿が見えるようになる。
내다,動詞,とおす【通す】。ひらく【開く】。つくる【作る】,道や通路、窓などができるようにする。
내려가다,動詞,おりる【下りる】。くだる【下る】,上から下へ行く。
내려오다,動詞,おりる【下りる】。くだる【下る】,高い所から低い所へ、また上から下へ来る。
내리다,動詞,ふる【降る】,雪や雨などが落ちて来る。
노래하다,動詞,うたう【歌う】,歌詞のある音楽を声に出して歌う。
노력하다,動詞,どりょくする【努力する】。とりくむ【取り組む】。じんりょくする【尽力する】,ある目的を成し遂げるために力を尽くして励む。
누르다,動詞,おす【押す】。おさえる【押さえる・圧さえる】,物の全体や部分に上から力を加える。
느끼다,動詞,かんずる【感ずる】。おぼえる【覚える】,鼻や肌などの感覚器官で刺激を受け取る。
다녀오다,動詞,いってくる【行って来る】,ある所に行って帰ってくる。
다니다,動詞,かよう【通う】,あるところに何度も出入りする。
다치다,動詞,きずつく【傷付く】。けがする【怪我する】。ふしょうする【負傷する】,ぶつかったり殴られたりして体や体の一部に傷を負う。また、傷を負わせる。
다하다,動詞,つきる【尽きる】,全部使ってしまったり続かなくなったりする。
대답하다,動詞,こたえる【答える】。へんとうする【返答する】。へんじする【返事する】,呼びかけに対して言葉で応じる。
대화하다,動詞,たいわする【対話する】。はなす【話す】。かいわする【会話する】。おしゃべりする【御喋りする】,向かい合って話し合う。
더워지다,動詞,あつくなる【暑くなる】。あつくなる【熱くなる】。ねっする【熱する】,温度が上がる。また、それによってあつさを感じる。
데려가다,動詞,つれていく【連れて行く】,連れて一緒に行く。
데려오다,動詞,つれてくる【連れて来る】,連れて一緒に来る。
데이트하다,動詞,デートする,男女が付き合うために会う。
도시하다,動詞,ずしする【図示する】,絵や図表で示す。
도와주다,動詞,たすける【助ける】。てつだう【手伝う】。てだすけする【手助けする】。サポートする,他人の仕事に力を貸す。
도착하다,動詞,とうちゃくする【到着する】。つく【着く】,目的地に行きつく。
되다,動詞,なる,新たな身分や地位を持つ。
두다,動詞,おく【置く】,ある場所にとどめる。
디자인하다,動詞,デザインする,衣装・工業製品・建築など、実用的な目的を持った作品を設計したり図案を描いたりする。
떠나다,動詞,さる【去る】。いく【行く】,現在いるところから他のところに移って行く。
떠들다,動詞,さわぐ【騒ぐ】,大声でうるさく言う。
뛰다,動詞,はしる【走る】。かける【駆ける】,足を素早く動かして前へ進む。
뛰어가다,動詞,はしっていく【走って行く】。かける【駆ける】。かけよる【駆け寄る】。かけつける【駆付ける】。とんでいく【飛んで行く】,どこかに速く走って行く。
뜨다,動詞,あける【開ける】,閉じていた目を開く。
마르다,動詞,かわく【乾く】,水気が蒸発してすっかりなくなる。
마시다,動詞,のむ【飲む】。すう【吸う】。くらう【食らう】,水などの液体を喉へ送り込む。
마중하다,動詞,でむかえる【出迎える】,駅や空港などに出向いて、自分を訪ねてきた人を迎える。
마치다,動詞,おえる【終える】。すます【済ます】,続けてきた仕事や課程が終わる。また、そうさせる。
매다,動詞,むすぶ【結ぶ】,離れたり解けたりしないように、紐や縄の両端を組んでつなぐ。
메다,動詞,かつぐ【担ぐ】。になう【担う】。せおう【背負う】,ものを肩や背中などに載せる。
메모하다,動詞,メモする。かきとめる【書き留める】,忘れないように、または他の人に伝えるために、ある内容を簡単に書き記しておく。
모르다,動詞,しらない【知らない】。わからない【分からない】,人・物・事実などを知らない、または分からない。
모시다,動詞,つかえる【仕える】,目上の人や尊敬する人のそばで、世話をしたり一緒に暮らしたりする。
모으다,動詞,あつめる【集める】。そろえる【揃える】。まとめる【纏める】,ばらばらのものを一塊にする。
모이다,動詞,あつまる【集まる】。そろう【揃う】。まとまる【纏まる】,ばらばらのものが一塊になる。
모자라다,動詞,ふそくする【不足する】。たりない【足りない】,決まった数、量や程度に至らない。
무거워지다,動詞,おもくなる【重くなる】,重い状態になる。
미끄러지다,動詞,すべる【滑る】。スリップする,つるつるの場所で一方向へ押されたり、転倒する。
바꾸다,動詞,かえる【変える・替える・換える・代える】。きりかえる【切り替える・切り換える】,元々あったものを無くして、他のものにかえる。
바뀌다,動詞,かわる【替わる・代わる】。いれかわる【入れ替わる・入れ代わる】,元のものが他のもので代替される。
바라다,動詞,ねがう【願う】。のぞむ【望む】,考えや希望がかなうことを期待する。
바라보다,動詞,ながめる【眺める】。みつめる【見詰める】。のぞむ【望む】,正面から見る。
바르다,動詞,はりつける【貼り付ける・張り付ける】,紙などに糊を塗って他の物の表面につける。
배달되다,動詞,はいたつされる【配達される】。でまえされる【出前される】,郵便物や商品、食べ物が届けられる。
배달하다,動詞,はいたつする【配達する】。でまえする【出前する】,郵便物や商品、食べ物を届ける。
배우다,動詞,まなぶ【学ぶ】。ならう【習う】,新しい知識を得る。
버리다,動詞,すてる【捨てる・棄てる】,不用のものを投げ出したり流したりする。
보내다,動詞,おくる【送る】。しおくる【仕送る】。おくりだす【送り出す】。やる【遣る】,人や物などを他のところに移動させる。
보이다,動詞,みえる【見える】 | みせる【見せる】,"目で対象の存在や見かけが分かるようになる。
 | 目で対象の存在や見かけが分かるようにする。"
부치다,動詞,おくる【送る】 。だす【出す】。さしだす【差し出す】,手紙や物などを届ける。
부탁하다,動詞,たのむ【頼む】。いらいする【依頼する】,何かをしてほしいと伝えて願う。
비교되다,動詞,ひかくされる【比較される】。くらべられる【比べられる】,二つ以上のものが並べられて、同じ点と違う点が見比べられる。
비교하다,動詞,ひかくする【比較する】。くらべる【比べる】,二つ以上のものを並べて、同じ点と違う点を見比べる。
비다,動詞,あく【空く】。からである【空である】,ある空間に誰も、もしくは何もない。
빠지다,動詞,おちる【落ちる】。おちこむ【落ち込む】。おちいる【陥る・落ち入る】。おぼれる【溺れる】,水やくぼみなどに落ちて中に入る。
빼다,動詞,ぬく【抜く】。はずす【外す】,中に入っていたり刺さっているものを外へ出す。
사귀다,動詞,つきあう【付き合う】。こうさいする【交際する】,知り合って、親しくなる。
사다,動詞,かう【買う】。こうにゅうする【購入する】,金を払って品物や権利などを自分のものにする。
사랑하다,動詞,あいする【愛する】。こいする【恋する】,相手に性的な魅力を感じて、熱烈に恋い慕う。
사업하다,動詞,じぎょうをする【事業をする】。ビジネスをする,経済的な利益を得るために、ある組職を経営する。
사용되다,動詞,しようされる【使用される】。つかわれる【使われる】。もちいられる【用いられる】,何かが必要なことや機能に合わせて使われる。
사용하다,動詞,しようする【使用する】。つかう【使う】。もちいる【用いる】,何かを必要なことや機能に合わせて使う。
샤워하다,動詞,シャワーをあびる【シャワーを浴びる】,雨のように水を噴出させる器具を使用して体を洗う。
서다,動詞,たつ【立つ】,人間や動物が地面に足をつけて体をまっすぐにする。
서두르다,動詞,いそぐ【急ぐ】,早く目的に達するように、慌ただしく行動する。
서비스하다,動詞,サービスする,製品を直接作らない、販売・観光・金融・医療などの活動をする。
세배하다,動詞,セベする【歳拝する】,お正月に目上の人に対するあいさつとしてお辞儀をする。
세수하다,動詞,せんめんする【洗面する】。せんがんする【洗顔する】。てあらいする【手洗いする】,湯水で手や顔を洗う。
세우다,動詞,たてる【立てる】。おこす【起こす】,人や動物の足を地面につかせ、体をまっすぐにさせる。立たせる。
세탁하다,動詞,せんたくする【洗濯する】。せんじょうする【洗浄する】。クリーニングする,汚れた衣服を洗う。
소개되다,動詞,しょうかいされる【紹介される】,両方の仕事がうまく進められるように努められる。
소개하다,動詞,しょうかいする【紹介する】,両方の仕事がうまく進められるように努める。
쇼핑하다,動詞,ショッピングする。かいものする【買い物する】,デパートや商店街を回りながら見物し、買い物をする。
수고하다,動詞,くろうする【苦労する】。ろうくする【労苦する】,何かをするのに力を尽くす。
수술하다,動詞,しゅじゅつする【手術する】。オペする,病気を治すために体の一部を切断したり縫ったりする。
수업하다,動詞,じゅぎょうする【授業する】,教師が生徒・学生に知識や技術を教える。
수영하다,動詞,すいえいする【水泳する】。およぐ【泳ぐ】,水の中を泳ぐ。
쉬다,動詞,やすむ【休む】。くつろぐ【寛ぐ】。きゅうそくする【休息する】。きゅうけいする【休憩する】 | こきゅうする【呼吸する】。いきをする【息をする】,疲れをとるために体を楽にする。 | 鼻や目で息を吸ったり吐いたりする。
쉬워지다,動詞,やさしくなる。かんたんになる【簡単になる】,やりづらくなかったり、難しくない状態になる。
시작되다,動詞,はじまる【始まる】,物事や行動の最初の段階が行われる。
시작하다,動詞,はじめる【始める】。てがける【手掛ける】。おこす【起す】,ある事や行動の初めの段階になったり、すること。また、そのような段階。
시키다,動詞,させる,ある仕事や行動をするように仕向ける。
싸우다,動詞,けんかする【喧嘩する】。あらそう【争う】。たたかう【戦う】。いさかう【諍う】,言葉や力で勝とうとする。
아르바이트하다,動詞,アルバイトする。バイトする,収入を得るために本業とは別の仕事を臨時にする。
얘기되다,動詞,はなされる【話される】。かたられる【語られる】。のべられる【述べられる】,ある事実・状態・現象・経験・考えなどについて誰かに話す言葉や文章になる。
얘기하다,動詞,はなす【話す】。かたる【語る】。のべる【述べる】,ある事実・状態・現象・経験・考えなどについて誰かに言う。
어울리다,動詞,わごうする【和合する】。ゆうわする【融和する】。あいわする【相和する】,互いに調和を成して一丸となる。
여쭙다,動詞,うかがう【伺う】,目上の人に申し上げる。
여행하다,動詞,りょこうする【旅行する】。たびする【旅する】,家を離れて他の地域や外国の各所を見物しながら巡る。
예매되다,動詞,よやくされる【予約される】,乗車券や入場券などが期日より早く前もって購入される。
예매하다,動詞,よやくする【予約する】,乗車券や入場券などを期日より早く前もって買っておく。
예습하다,動詞,よしゅうする【予習する】,今後学ぶことを前もって学習する。
예약되다,動詞,よやくされる【予約される】,席・部屋・物品などが使用できるように前もって約束される。
예약하다,動詞,よやくする【予約する】,席・部屋・物品などを使用するために前もって約束する。
오다,動詞,くる【来る】。ちかづく【近づく】。やってくる,何かが他の場所からこちらの方へ動く。
오르다,動詞,のぼる【上る・登る】。あがる【上がる・挙がる】,人・動物などが低い所から高い所へ、または下から上へ動く。
외우다,動詞,あんきする【暗記する】。おぼえる【覚える】。きおくする【記憶する】,言葉や文章を忘れないで頭の中に覚え込む。
외출하다,動詞,がいしゅつする【外出する】。でかける【出掛ける】,用事があって、自宅や勤め先などからよそへ出かける。
요리되다,動詞,りょうりされる【料理される】,料理が作られる。
요리하다,動詞,りょうりする【料理する】,料理を作る。
우선하다,動詞,ゆうせんする【優先する】,他のものより先に取り扱われたり特別に待遇される。
위치하다,動詞,いちする【位置する】,ある場所を占める。
유학하다,動詞,りゅうがくする【留学する】,外国に滞在して学ぶ。
유행되다,動詞,りゅうこうする【流行する】。はやる【流行る】,伝染病が世の中に広まる。
유행하다,動詞,りゅうこうする【流行する】。はやる【流行る】,伝染病が世の中に広まる。
의미하다,動詞,いみする【意味する】,言葉や文章、記号などがある物事を示す。
이기다,動詞,かつ【勝つ】。うちかつ【打ち勝つ】。まかす【負かす】,賭け事・試合・ケンカなどで、相手を制して良い結果を出す。
이리되다,動詞,こうなる,状態、形、性質などがこのようになる。
이사하다,動詞,ひっこす【引っ越す】,住んでいた所を離れて、他の所に移る。
이야기되다,動詞,はなされる【話される】。いわれる【言われる】。かたられる【語られる】。のべられる【述べられる】,ある事実や状態、現象、経験、考えなどが誰かに言葉や文章で伝わる。
이야기하다,動詞,はなす【話す】。いう【言う】。かたる【語る】。のべる【述べる】,ある事実や状態、現象、経験、考えなどを誰かに言葉で伝える。
이용되다,動詞,りようされる【利用される】,対象が必要に応じて役立つように使われる。
이용하다,動詞,りようする【利用する】,人や対象を自分の利益を得るための手段として使う。
이해되다,動詞,りかいできる【理解できる】。りょうかいできる【了解できる】,何かを悟り知るようになる。また、納得できる。
이해하다,動詞,りかいする【理解する】。りょうかいする【了解する】,何かを悟り知る。また、納得する。
자다,動詞,ねむる【眠る】。ねる【寝る】,目を閉じて体と精神の活動を止め、しばらく休んでいる状態になる。
자라다,動詞,そだつ【育つ】。せいちょうする【成長する】。のびる【伸びる】,生物が部分的に、または全体的に段々大きくなる。
자랑하다,動詞,じまんする【自慢する】。ほこる【誇る】,自分、または自分に関係のある人・物事が、人に褒められるようなものであると、公に言う。
자르다,動詞,きる【切る】。たちきる【断ち切る・断切る・裁ち切る・截ち切る】。カットする,物を絶ったり割ったりして、一部を分け離す。
자리하다,動詞,しめる【占める】。ある【在る・有る】。いちする【位置する】,一定の空間を占有する。
저금하다,動詞,ちょきんする【貯金する】,金をためたり、銀行などの金融機関に預けたりする。
조심하다,動詞,つつしむ【慎む】。きをつける【気を付ける】,悪いことが起こらないように、言葉や行動に注意する。
주무시다,動詞,おしずまる【御寝る】。およる【御寝る】。おやすみになる【お休みになる】,「寝る」の尊敬語。
주문하다,動詞,ちゅうもんする【注文する・註文する】。オーダーする,ある物を作って売る人に、その物の種類、数量、形、大きさなどを教えて、製造や配達を依頼する。
주사하다,動詞,ちゅうしゃする【注射する】,注射器で人や動物の体内に薬液を直接注入する。
주차하다,動詞,ちゅうしゃする【駐車する】,自動車などを一定の場所にとめておく。
지각하다,動詞,ちこくする【遅刻する】,決まった時間より遅れて出勤したり登校する。
지나가다,動詞,すぎる【過ぎる】。すぎゆく【過ぎ行く】。すぎさる【過ぎ去る】,時間が経ってある時期が終わる。
지나다,動詞,すぎる【過ぎる】。たつ【経つ】。へる【経る】,時間が経過して、その時期から遠ざかる。
지내다,動詞,すごす【過ごす】。くらす【暮らす】。せいかつする【生活する】,一定の程度や状態で生活したり生きていく。
지다,動詞,まける【負ける】。やぶれる【敗れる】,競技や戦いなどで相手に勝てない。
지르다,動詞,さけぶ【叫ぶ】。どなる【怒鳴る】,大声を出す。
지우다,動詞,けす【消す】。おとす【落とす】。なくす,書いたり描いたりしたもの、痕跡などを道具を利用して見えないように取り除く。
지키다,動詞,まもる【守る】。ほごする【保護する】。しゅびする【守備する】,財産、利益、安全などを失ったり外部から侵犯されることのないように監視し、防ぐ。
찌다,動詞,ふとる【太る】。にくがつく【肉が付く】	 | むす【蒸す】。むしあつい【蒸し暑い】,"体に肉が付いて太る。
 | まるで湯気に当たるように湿度が高くて暑さがこもる。"
쳐다보다,動詞,みあげる【見上げる】。あおぎみる【仰ぎ見る】,下から上の方を見る。
초대되다,動詞,しょうたいされる【招待される】,ある催し・会・行事などに来てくれるように招かれる。
초대하다,動詞,しょうたいする【招待する】。まねく【招く】。よぶ【呼ぶ】,催し・会・行事などに来てくれるように客を招く。
추다,動詞,おどる【踊る】。まう【舞う】,舞踊の動作をする。
추워지다,動詞,さむくなる【寒くなる】。ひえる【冷える】,温度が下がって空気が冷たくなるか、冷たく感じるようになる。
취소되다,動詞,とりけされる【取り消される】。ちゅうしされる【中止される】。キャンセルされる,すでに発表した事が無効となるか、約束したことや予定されている事が取りやめられる。
취소하다,動詞,とりけす【取り消す】。ちゅうしする【中止する】。キャンセルする,すでに発表した事を無効とするか、約束したことや予定されている事を取りやめる。
취직되다,動詞,しゅうしょくする【就職する】。しゅうぎょうする【就業する】。しゅうろうする【就労する】。しゅうしょくされる【就職される】。しゅうぎょうされる【就業される】。しゅうろうされる【就労される】,一定の職業を得て職場に行くようになる。
취직하다,動詞,しゅうしょくする【就職する】。しゅうぎょうする【就業する】。しゅうろうする【就労する】,一定の職業を得て職場に行く。
치다,動詞,うつ【打つ】。たたく【叩く】。なぐる【殴る】,手や他のものが何かに強くぶつかるようにする。
치료되다,動詞,ちりょうされる・じりょうされる【治療される】。りょうじされる【療治される】,病気やけがなどが治る。
치료하다,動詞,ちりょうする・じりょうする【治療する】。りょうじする【療治する】,病気やけがなどを治す。
켜다,動詞,つける【付ける・点ける】 | ひく【挽く・引く】,灯火やろうそくなどに火をつけたり、マッチやライターなどを利用して火を起こす。 | 鋸を使用して木材を縦の方向に切断する。
키우다,動詞,そだてる【育てる】。かう【飼う】。しいくする【飼育する】。つちかう【培う】。やしなう【養う】,動物・植物に手をかけて育つようにする。
타다,動詞,もえる【燃える】。ねんしょうする【燃焼する】 | のる【乗る】 | いれる【入れる】。まぜる【混ぜる】。くわえる【加える】。わる【割る】,火種や高熱によって炎が立ったり火がついて炎が広がる。 | 乗り物の中に入ったり、移動のために動物の上に上がる。 | 多量の液体に小量の液体や粉末を入れて混ぜる。
태어나다,動詞,うまれる【生まれる】。しゅっしょうする・しゅっせいする【出生する】。たんじょうする【誕生する】,人間や動物の子が一定の形となって母親の胎内から出る。
퇴근하다,動詞,たいきんする【退勤する】,職場で勤務が終わって、勤め先から退出する。
퇴원하다,動詞,たいいんする【退院する】,一定期間入院して治療を受けていた患者が、病院から出る。
튀기다,動詞,あげる【揚げる】,熱した油の中に材料を入れて、天ぷら・フライにする。
펴다,動詞,ひろげる【広げる】。ひらく【開く】,畳んだり巻いてあるものを開く。
포장되다,動詞,ほうそうされる【包装される】。つつまれる【包まれる】。ラッピングされる,物品が包まれたり、荷造りされたりする。
피다,動詞,さく【咲く】。ひらく【開く】,花のつぼみや葉などが開く。
피우다,動詞,さかせる【咲かせる】,花のつぼみや葉などを開かせる。
하다,動詞,する【為る】。やる【遣る】。なす【成す・為す】,ある行動や動作、活動などを行う。
헤어지다,動詞,わかれる【別れる】。はなれる【離れる】,一緒にいた人と離れる。
화나다,動詞,はらがたつ【腹が立つ】。むかつく,非常に気に障ったり、気にくわず、気分が悪くなる。
화내다,動詞,おこる【怒る】。はらがたつ【腹が立つ】,非常に気を悪くして、憤りを表わす。
회의하다,動詞,かいぎする【会議する】,何人もの人が集まって議論する。
흐르다,動詞,ながれる【流れる】,水などの液体が低い所に移動したり、ある場所を通って行ったりする。
희망하다,動詞,きぼうする【希望する】,未来のあることに対して期待を持つ。
가지다,動詞/補助動詞,もつ【持つ】。たずさえる【携える】 | て,何かを手に握ったり、身に付けたりする。 | 前の言葉の表す行動の結果や状態が維持されるという意を表す「補助動詞」。
계시다,動詞/補助動詞,いらっしゃる | いらっしゃる,地位の高い人や目上の人がどこかに住んでいることを表す尊敬語。 | 「いる」の尊敬語。前の言葉の表す行動を続けて行うか、その結果が続くという意を表す「補助動詞」。
드리다,動詞/補助動詞,さしあげる【差し上げる】 | あげる。さしあげる。お/ご-する,「与える」の謙譲語。何かを誰かに渡して持たせたり使わせたりする。 | 前の言葉が表す行動が他人の行動に影響することを表す謙譲語。
주다,動詞/補助動詞,あたえる【与える】。やる【遣る】。くれる【呉れる】。あげる【上げる】 | くれる【呉れる】。あげる【上げる】。やる【遣る】,物などを他人に渡して持たせたり使わせたりする。 | 前の言葉が表す行動が他人に影響するか、他人のための行動であることを表す語。
보다,動詞/補助動詞/副詞,みる【見る】。ながめる【眺める】 | みる | より,目で対象の存在や外見を知る。 | 前の言葉の表す行動を試すという意を表す「補助動詞」。 | 他の物と比べて一層。
부르다,動詞/形容詞,"よぶ【呼ぶ】。こえをかける【声を掛ける】
 | いっぱいだ【一杯だ】。まんぷくだ【満腹だ】","言葉や行動で他の人を来させたり、注意を引いたりする。
 | 飲食物を食べてお腹が満たされた感じがある。"
싸다,動詞/形容詞,つつむ【包む】 | やすい【安い】,物や人を紙や布などの中に入れてすっかり覆う。 | 値段が普通より低い。
쓰다,動詞/形容詞,かく【書く】 | かぶる【被る】 | つかう【使う】。もちいる【用いる】。しようする【使用する】 | にがい【苦い】,鉛筆やペンなどの筆記用具で紙などに線をひいて文字をしるす。 | 帽子やかつらなどを頭の上から覆う。 | 何かをするのに材料や道具、手段などを利用する。 | 薬の味のようだ。
차다,動詞/形容詞,みちる【満ちる・充ちる】。つまる【詰まる】  | ける【蹴る】。けとばす【蹴飛ばす】。けあげる【蹴上げる】。けりあげる【蹴り上げる】 | つける【着ける】。はめる	 | つめたい【冷たい】。ひえている【冷えている】,"ある空間がこれ以上入れないほどいっぱいになる。
 | 足を伸ばして勢いよく突いたり、突いて飛ばす。 | 物を腰・手首・足首などに下げたり着けたり通す。
 | 温度が低くて温かい感じがない。"
크다,動詞/形容詞,そだつ【育つ】。せいちょうする【成長する】 | おおきい【大きい】。たかい【高い】,動物・植物が育つ。 | 長さ・広さ・高さ・かさなどが普通の水準を超える。
가게,名詞,みせ【店】。しょうてん【商店】,小規模で品物を並べて売る店。
가겟집,名詞,みせ【店】。てんぽ【店舗】。しょうてん【商店】。ストア,店を開いて商売をする場所。
가격,名詞,かかく【価格】。ねだん【値段】。ねうち【値打ち】。プライス,品物の価値を金で表したもの。
가격표,名詞,かかくひょう【価格表】,商品の値段やサービスの価格が見やすいように書いておく表。
가구,名詞,かぐ【家具】,家の中で使われるベッドやクロゼット、食卓などのような器具。
가구점,名詞,かぐや【家具屋】。かぐてん【家具店】,家具を売る店。
가루비누,名詞,こなせっけん【粉石けん】,洗濯をするとき使う粉状態の石鹸。
가루약,名詞,こぐすり・こなぐすり【粉薬】,粉状態の薬。
가방,名詞,かばん。バッグ,何かを中に入れて手でさげたり肩にかけたりできるように作られた携帯用具。
가수,名詞,かしゅ【歌手】。うたいて【歌い手】,歌を歌うことを職業とする人。
가슴,名詞,むね【胸】。きょうぶ【胸部】,人間や動物の首と腹の間にある、体の前面の部分。
가요,名詞,かよう【歌謡】。うた【歌】,大勢の人が好んで歌う歌。
가운데,名詞,なか【中】。ちゅうおう【中央】。ちゅうかん【中間】,ある空間や事物の全ての端からほぼ同距離に離れている部分。真ん中。
가위,名詞,はさみ【鋏】,紙や布、髪の毛などを切る道具。
가위바위보,名詞,じゃんけん。じゃんけんぽん。じゃんけんぽい,互いに手を差し出し、指の出し方で順位や勝負などを決めること。
가을,名詞,あき【秋】,四季の一つで、夏と冬の間の季節。
가을날,名詞,あきのひ【秋の日】。あき【秋】。しゅうじつ【秋日】,秋の1日。または秋の天気。
가을바람,名詞,あきかぜ【秋風】,秋に吹く爽やかで涼しい風。
가을밤,名詞,しゅうや【秋夜】,秋の夜。
가을비,名詞,しゅうう・あきさめ【秋雨】,秋に降る雨。
가이드,名詞,ガイド,観光や旅行などで案内役を務める人。
가전,名詞,かでん【家電】,家庭で使う電気器具。
가족,名詞,かぞく【家族】,一家で共同生活をし、夫婦やその子供、兄弟などの関係で構成された集団。また、その構成員。
가족사진,名詞,かぞくしゃしん【家族写真】,家族で一緒に撮った写真。
거실,名詞,いま【居間】。リビングルーム。ちゃのま【茶の間】,西洋式の家で、家族が集まって生活したり、お客をもてなす中心空間。
거울,名詞,かがみ【鏡】,物体の形を映して見る、薄くて平たい道具。
거절,名詞,きょぜつ【拒絶】。きょひ【拒否】。ことわり【断わり】。えんりょ【遠慮】,人からの頼みや提案、贈り物などを受け入れないこと。
거짓말,名詞,うそ【嘘】。いつわり【偽り】,事実でないことを事実であるように偽って言う言葉。
게스트,名詞,ゲスト,放送番組に招待されて出る人。
게이머,名詞,ゲーマー,オンラインゲームやコンピューターゲームをする人。
게임,名詞,ゲーム。あそびごと【遊びごと】,ルールを決めて勝ち負けを決める遊び。
게임기,名詞,ゲームき【ゲーム機】,ゲームができるように作った電子機械。
게임방,名詞,ゲームルーム,コンピューターゲームができるように施設を取り付けているルーム。
겨울,名詞,ふゆ【冬】。とうき【冬季】,四季の中で最も寒く、秋と春の間の季節。
겨울나무,名詞,ふゆき・ふゆぎ【冬木】,冬になって葉が落ち尽くして枝だけの姿になった木。
겨울날,名詞,とうじつ・ふゆび【冬日】,冬の日。
겨울눈,名詞,ふゆめ・とうが【冬芽】,晩夏から秋に形成され、越冬した後、翌年の春に伸びる芽。
겨울바람,名詞,ふゆかぜ【冬風】。ふゆのかぜ【冬の風】,冬に吹く冷たい風。
겨울비,名詞,ふゆさめ【冬雨】。ふゆのあめ【冬の雨】,冬に降る雨。
겨울옷,名詞,ふゆふく【冬服】,冬に着用する衣服。
계단,名詞,かいだん【階段】,昇り降りするため、段をずらして配列した構造物。
계란,名詞,けいらん【鶏卵】。たまご【卵】。とりのこ【鳥の子】。おたま【御玉】,鶏の卵。
계산,名詞,けいさん【計算】。かんじょう【勘定】,数を数えたり、足し算・引き算・掛け算・割り算などの勘定をすること。
계절,名詞,きせつ【季節】,1年を自然現象に従って春夏秋冬に分けた一つの時期。
계획,名詞,けいかく【計画】。プラン,これからの事をじっくり考えて決めること。
고개,名詞,くび【首】,うなじやのどを含めた頭の部分。
고구마,名詞,サツマイモ,表面の皮は紫や紅色、内部は黄色を帯びていて、甘い味がする、植物の塊根。
고기,名詞,にく【肉】,食べ物として食べる動物の肉。
고등학교,名詞,こうこう【高校】。こうとうがっこう【高等学校】,中学校を卒業したり、中学校を卒業した水準の学力を備えていれば入学できる学校。
고등학생,名詞,こうこうせい【高校生】。こうとうがくせい【高等学生】,高校に通う生徒。
고모,名詞,おば【叔母・伯母】,父親の姉や妹。または、その人を呼ぶ語。
고모부,名詞,おじ【叔父・伯父】,父親の姉や妹の夫を指したり呼ぶ語。
고민,名詞,なやみ【悩み】,心の中に悩み事があって苦しみ、思いわずらうこと。
고속버스,名詞,こうそくバス【高速バス】,主に高速道路を利用して遠距離を早いスピードで走行するバス。
고양이,名詞,ねこ【猫】,暗い所でも目がよくきいて、ネズミ捕りが上手で、家の中で飼ったりする動物。
고장,名詞,こしょう【故障】,機械や装置などがきちんと作動しないこと。
고추,名詞,とうがらし【唐辛子】,指ほどのサイズで、最初は緑色だが、実ると赤くなるからい味のする実。
고추장,名詞,コチュジャン,唐辛子の粉を主な材料にして作った赤色の韓国固有の薬味。
고향,名詞,ふるさと・こきょう【故郷】。きょうり【郷里】。くに【国】,生まれ育った土地。
과거,名詞,かこ【過去】。むかし【昔】,過ぎ去った時。
과일,名詞,くだもの・かぶつ【果物】。フルーツ,りんご・梨・ブドウ・栗の実など、木の枝や幹に実る、食べられる果実。
과일나무,名詞,くだもののき【果物の木】。かじゅ【果樹】,果実を収穫するために栽培する木。
과일주,名詞,かじつしゅ【果実酒】,果物を材料に造った酒。
과자,名詞,かし【菓子】,小麦粉や米の粉などに牛乳、砂糖などを入れてこね、焼いたり揚げたりした間食。
교과서,名詞,きょうかしょ【教科書】,学校である科目を教える目的で作った本。
교사,名詞,きょうし【教師】,幼稚園、小学校、中学校、高校などで、資格を持って生徒を教える人。
교수,名詞,きょうじゅ【教授】,学問や技術などを教える行為。またはその方法。
교실,名詞,きょうしつ【教室】,幼稚園・小学校・中学校・高校で、教師が生徒を教える部屋。
교육,名詞,きょういく【教育】,個人の能力を育てるため、知識・教養・技術などを教えること。
교통,名詞,こうつう【交通】。つうこう【通行】,自動車・汽車・船・飛行機などの乗り物を利用して人や物資が行き来すること。
교통비,名詞,こうつうひ【交通費】。うんちん【運賃】。のりちん【乗り賃】,交通機関を利用するのにかかる費用。
교통사고,名詞,こうつうじこ【交通事故】,自動車や汽車などが他の交通機関と衝突したり歩行者を跳ねたりして起こる事故。
교환,名詞,こうかん【交換】,何かを別のものと取り替えること。
교회,名詞,きょうかい【教会】,イエスキリストを救世主として信奉する人々の共同体。また、その人々が集まって活動する場所。
구경,名詞,けんぶつ【見物】,興味や関心を持って見ること。
구두,名詞,くつ【靴】,スーツを着る時に履く革やビニールなどで作られた履き物。
구름,名詞,くも【雲】,空気中の小さい水滴や氷晶が白や灰色で集まって、空中に浮かんでいるもの。
구월,名詞,くがつ【九月】,1年12ケ月の中で9番目の月。
귀,名詞,みみ【耳】,人や動物の頭部の左右にあって、音を聞く身体の一部分。
귀걸이,名詞,みみかざり【耳飾り】。イヤリング。ピアス,耳につける装身具。
귀고리,名詞,みみかざり【耳飾り】。イヤリング。ピアス,耳につける装身具。
규칙,名詞,きそく【規則】,多くの人が守るように決めておいた法則。
그날,名詞,そのひ【その日】,前で言った日。
그다음,名詞,そのつぎ【その次】。そのあと･そのご【その後】,あるものに続いてくる時や場所、順番。
그담,名詞,そのつぎ【その次】。そのあと･そのご【その後】,あるものに続いてくる時や場所、順番。
그대로,名詞,そのまま,それ自体。
그동안,名詞,そのあいだ・そのかん【その間】。あいま【合間】,すでに話した分だけの期間。また、再び会ったり連絡するまでの一定の期間。
그때,名詞,そのとき【その時】。そのじき【その時期】,前述のある時。
그릇,名詞,うつわ【器】。しょっき【食器】。いれもの【入れ物】,食べ物を盛る道具。
그리기,名詞,えかき【絵描き・絵書き】。かいが【絵画】,絵をかくこと。
그림,名詞,え【絵】。かいが【絵画】,線や色彩で事物の模様やイメージなどを平面上に表したもの。
그림엽서,名詞,えはがき【絵葉書】,片面に絵や写真があるはがき。
그림일기,名詞,えにっき【絵日記】,主に子供が書く、絵や文章で表す日記。
그해,名詞,そのとし【その年】,過去のある年。
기간,名詞,きかん【期間】,ある一定の時から、他の一定の時に至るまでの間。
기름,名詞,あぶら【油・脂・膏】,よく燃え、水に溶けない、ぬるぬるとした液体。
기분,名詞,きぶん【気分】。きもち【気持ち】,不快・愉快・憂鬱・怒りなど感情の状態。
기쁨,名詞,よろこび【喜び】。うれしいきもち【うれしい気持ち】,気分がとても良く、楽しい感じ。
기숙사,名詞,りょう【寮】。きしゅくしゃ【寄宿舎】,学校や会社で、生徒・学生や職員が寝て食事するなどの生活ができるように提供する施設。
기억,名詞,きおく【記憶】。おもいで【思い出】。おぼえ【覚え】,以前の姿、事実、知識、経験などを忘れなかったり、再び思い出すこと。
기온,名詞,きおん【気温】。おんど【温度】,空気の温度。
기자,名詞,きしゃ【記者】,新聞や雑誌、放送などに載せる記事を取材して書いたり編集したりする人。
기차,名詞,きしゃ【汽車】。れっしゃ【列車】。でんしゃ【電車】,人や物を載せて燃料の力で鉄道の上を走る、長さの長い車。
기차역,名詞,きしゃのえき【汽車の駅】。えき【駅】,汽車に乗り降りする場所。
기차표,名詞,きしゃのきっぷ【汽車の切符】。きっぷ【切符】,汽車に乗るために金を出して買う切符。
기침,名詞,せき【咳】,肺からのどを通って空気が荒い音を出しながら急に出ること。
기침감기,名詞,せきかぜ【咳風邪】,咳のひどい風邪。
기타,名詞,ギター,表裏が平たく、真ん中が細くて長い桶に、六つの弦を結び、指で弾いて演奏する楽器。
기회,名詞,きかい【機会】。チャンス,何かするのに最も都合のいい時機や場合。
까만색,名詞,くろ【黒】。こくしょく【黒色】,光がない時の夜空や墨のような色。
나라,名詞,こっか【国家】,一定の領土、主権を持っている人々の社会的な組織。
나머지,名詞,あまり【余り】。よぶん【余分】。のこり【残り】。よじょう【余剰】,ある量を満たした後、余った分。
나무,名詞,き【木・樹】。じゅもく【樹木】,しっかりした幹に枝と葉がついた、数年間にわたって育つ植物。
나이,名詞,とし【年・歳】。ねんれい【年齢】。よわい【齢】,人や動植物などが生まれてから生きてきた年数。
나중,名詞,あと・のち【後】。のちほど【後程】,一定の時間が過ぎた後。
나흘,名詞,よっか【四日】。よっかかん【四日間】,日数が四つ。
내과,名詞,ないか【内科】,主に薬品で内蔵器官の疾病を治療する医学分野。また、その分野の病医院。
내년,名詞,らいねん【来年】。よくねん【翌年】。みょうねん【明年】。つぎとし【次年】,今年のすぐ次の年。
내용,名詞,ないよう【内容】。なかみ【中身】,器・箱などの中に入っているもの。
내일모레,名詞,あさって・みょうごにち【明後日】,明日の次の日。
네거리,名詞,じゅうじろ【十字路】。よつかど【四つ角】。こうさてん【交差点】,道が一ヵ所で四つの方向に分かれたところ。
네발,名詞,よつあし【四つ足】。しそく【四足】,動物や事物にぶら下がっている4本の足。
노란색,名詞,きいろ【黄色】。イエロー,ひよこやバナナと同じ色。
노래,名詞,うた【歌・唄】。かきょく【歌曲】,歌詞のある音楽。また、音楽を声に出して歌うこと。
노래방,名詞,カラオケ,歌詞を見ながら歌えるように音楽機械を備えておいた場所。
노래자랑,名詞,のどじまん【喉自慢】,大勢の人が集まったところで、誰が歌をよりうまく歌えるかを競争しながら楽しむこと。
노력,名詞,どりょく【努力】。とりくみ【取組】。じんりょく【尽力】,ある目的を成し遂げるために力を尽くして励むこと。
노인,名詞,おとしより【お年寄り】。ろうじん【老人】。シルバー。こうれいしゃ【高齢者】,年をとって老いた人。
누나,名詞,あね【姉】,男の人がきょうだいや親戚のきょうだいのうち、自分より年上の女の人を指したり呼ぶ語。
뉴스,名詞,ニュース,新しい情報を伝える放送。
느낌,名詞,かんじ【感じ】。きもち【気持ち】。おもい【思い】,体や心から起こる気運や感情。
다리,名詞,あし【足・脚】 | はし【橋】。きょうりょう【橋梁】,人間や動物の胴体の下について、立ったり歩いたり走ったりする機能を行う身体部位。 | 川・海・道・谷などを渡れるように、両端をつないで作った施設。
다음,名詞,つぎ【次】,ある順序のすぐ後。
다음날,名詞,つぎのひ【次の日】。またのひ【またの日】。よくじつ【翌日】。べつのひ【別の日】。ごじつ【後日】,定まっていない将来のある日。
다이어트,名詞,ダイエット,健康または美容上、食べ物の種類や量を調節して摂ること。
대답,名詞,こたえ【答え】。へんとう【返答】。へんじ【返事】,呼びかけに対して言葉で応じること。また、その言葉。
대사관,名詞,たいしかん【大使館】,大使を中心に、一国を代表して他の国で外交業務を行う国の機関。
대학,名詞,だいがく【大学】,高校を終えて進学する高等教育機関。
대학교,名詞,だいがく【大学】,高校を卒業してから進学する教育機関。また、その機関が入っている建物や施設。
대학생,名詞,がくせい【学生】。だいがくせい【大学生】,大学に通う学生。
대학원,名詞,だいがくいん【大学院】,大学を卒業した人が専門的な教育を受けて研究をする機関。
대학원생,名詞,だいがくいんせい【大学院生】。いんせい【院生】,大学院に通う学生。
대화,名詞,たいわ【対話】。はなし【話】。かいわ【会話】。おしゃべり【御喋り】,向かい合って話し合うこと。また、その話。
대회,名詞,たいかい【大会】,多くの人が集る会合や会議。
데이트,名詞,デート,男女が付き合うために会うこと。
도,名詞,どうとく【道徳】。どうり【道理】,人間なら守ってしかるべき道徳。
도로,名詞,どうろ【道路】,人や車が通えるように設けられた道。
도서관,名詞,としょかん【図書館】,本や資料などを多く集めておいて、人々が借りて読んだり勉強できるようにした施設。
도시,名詞,とし【都市】,政治、経済、文化の中心となり、人々が多く住む地域。
도움,名詞,たすけ【助け】。じょりょく【助力】,他人を助けること。
도착,名詞,とうちゃく【到着】,目的地に行きつくこと。
돼지,名詞,ぶた【豚】,太っていて、脚と尾が短く、目が小さい、肉を食べるために飼う家畜。
돼지고기,名詞,ぶたにく【豚肉】,食べ物として食べる豚の肉。
두부,名詞,とうふ【豆腐】,大豆を砕いて作った白くて柔らかい食べ物。
두통,名詞,ずつう【頭痛】,頭が痛む症状。
뒤,名詞,うしろ【後ろ】。こうほう【後方】,向かっている方向の反対側。
뒤쪽,名詞,うしろ【後ろ】。こうほう【後方】,向かっている方向の反対側。
드라마,名詞,ドラマ,劇場で公演されたり、テレビなどで放送される劇。
디자인,名詞,デザイン,衣装・工業製品・建築など、実用的な目的を持った作品の設計や図案。
때,名詞,とき【時】。じこく【時刻】,時間のある瞬間や部分。
라디오,名詞,ラジオ,放送局で、音声を電波で発信し、受信装置を持った人々が聞くようにすること。また、その放送。
라면,名詞,インスタントラーメン。そくせきラーメン【即席ラーメン】,油で揚げた麺塊と粉末スープが入っていて熱湯に入れて煮るだけで簡単に食べられる料理。
레몬,名詞,レモン,酸味が強く、匂いがすっぱい、楕円形の黄色い実。
레스토랑,名詞,レストラン,西洋の料理を売る食堂。
로비,名詞,ロビー,ホテルや劇場などで、応接室や通路を兼ねた広い空間。
로션,名詞,ローション,肌をしっとりと柔らかくするために塗る、濃い液状の基礎化粧品。
마당,名詞,にわ【庭】,家についている、平らに開けている土地。
마을,名詞,むら【村】,複数の家屋が村を成して集まって暮らす所。
마음,名詞,こころ【心】。き【気】。きしつ【気質】,人が生まれた時から持っている性質。
마중,名詞,でむかえ【出迎え】,駅や空港などに出向いて、自分を訪ねてきた人を出迎えること。
마지막,名詞,さいご【最後】,時間や順序のいちばんあと。
마트,名詞,マート,各種生活用品を販売する大型の売場。
매표소,名詞,しゅっさつじょ【出札所】。きっぷうりば【切符売場】,乗車券・入場券などを売る場所。
매해,名詞,まいとし【毎年】,年々。
머리,名詞,あたま【頭】。とうぶ【頭部】,人間や動物の体で、顔と髪の毛が生えている部分を全て含めた、首の上の部分。
머리빗,名詞,くし【櫛】,髪の毛を梳く時に使う道具。
머리카락,名詞,かみのけ【髪の毛】,髪の毛の１本１本。
머리핀,名詞,ヘアピン,髪の毛を留めるピン。
메뉴,名詞,メニュー。こんだてひょう【献立表】,飲食店で売る料理の品目と価格を示した表。
메모,名詞,メモ,忘れないように、または他の人に伝えるために、ある内容を簡単に書き留めること。また、書き留めたもの。
메시지,名詞,メッセージ。でんごん【伝言】,ある事実を報告・主張・警告するために特別に伝える言葉。
메일,名詞,メール,インターネットや通信網を利用してやり取りするメール。
며칠,名詞,なんにち【何日】。いくにち【幾日】,その月の何日目。
모기,名詞,か【蚊】,人や家畜などの血を吸う、飛び回る小さな昆虫。
모기약,名詞,かよけざい【蚊除け剤】,蚊を追い払ったり、駆除する時に使う殺虫剤。
모습,名詞,ようぼう【容貌】。すがた【姿】。ようす【様子】,人や物の姿。
모양,名詞,もよう【模様】。ようす【様子】。かた【形】,外から見てわかる物事のありさまや姿。
모임,名詞,かい【会】。かいごう【会合】。あつまり【集り】。つどい【集い】。よりあい【寄り合い】,ある事を行うため、多くの人が寄り集まること。
모자,名詞,ぼうし【帽子】,礼をわきまえたり、寒さや暑さなどを防ぐために頭にかぶるもの。
무,名詞,だいこん【大根】,色が白く、長い根に羽状の葉があって、キムチなどをつける野菜。
무게,名詞,おもさ【重さ】。めかた【目方】。じゅうりょう【重量】,物の重さの度合い。
무궁화,名詞,むくげのはな【むくげの花】。きんか【槿花】,夏から秋にかけて、白色、紫色、紅色などの花弁が鐘状に広く開く花。
무료,名詞,むりょう【無料】。むだい【無代】。ただ,料金がないこと。
무릎,名詞,ひざ【膝】。ひざがしら【膝頭】,太ももとすねの間で、丸く前に突き出ている部分。
미끄럼,名詞,すべり【滑り】,すべること。また、そのような遊び。
미끄럼틀,名詞,すべりだい【滑り台】,滑り降りて遊ぶことができる、斜めに作られた機具。
미래,名詞,みらい【未来】。しょうらい【将来】,これから来る時。
미술관,名詞,びじゅつかん【美術館】,美術品を展示し、一般に公開する場所。
미안,名詞,すまないこと【済まないこと】。もうしわけないこと【申し訳ないこと】,間違いをおかして、心が安らかでなく恥ずかしいこと。
미용실,名詞,びよういん【美容院】。びようしつ【美容室】。ヘア・サロン,髪の毛を切ったり、染色・パーマ・化粧などのサービスを提供するところ。
바깥,名詞,そと【外】。そとがわ【外側】,外になる場所。
바깥쪽,名詞,そとがわ・がいそく【外側】。おもてがわ【表側】,外へ向かう方。
바나나,名詞,バナナ,長くて曲がっている形で、果皮が黄色くてよく剥け、白い果肉が甘くて柔らかい熱帯果物。
바다,名詞,うみ【海】。かいよう【海洋】,地球で陸地の以外の部分で、塩水が満ちているところ。
바다낚시,名詞,うみづり【海釣り】,海で魚を釣ること。
바닥,名詞,へいめん【平面】。そこ【底】。ゆか【床】,ある空間で、下が平らで広い部分。
바닷가,名詞,かいがん【海岸】。はまべ【浜辺】,海と陸地が接している所やその辺り。
바람,名詞,かぜ【風】,気圧の変化、または人や機械によって起こる空気の動き。
바이올린,名詞,バイオリン,中央部のくびれた楕円形の胴体に4本の弦を張り、弓でこすって奏する楽器。
바지,名詞,ズボン。パンツ,足を片方ずつ入れるように股下で2つに分かれた、下半身にはく衣服。
배달,名詞,はいたつ【配達】。でまえ【出前】,郵便物や商品、食べ物を届けること。
배달원,名詞,はいたついん【配達員】,品物や料理などを届けることを職業とする人。
배드민턴,名詞,バドミントン,ネットを挟み、相手とラケットでシャトルコック（羽球）を打ち合うスポーツ競技。
배우,名詞,はいゆう【俳優】。やくしゃ【役者】,映画・演劇・ドラマなどの登場人物に扮して演技をする人。
배추,名詞,はくさい【白菜】,長くて丸い葉が重なって育つ、中は黄白色で、表は緑色の野菜。キムチの材料によく使われる。
배탈,名詞,しょくもたれ【食もたれ】。しょくあたり【食あたり】,食べたものがうまく消化されず、下痢をしたり腹痛を起こす病気。
버거,名詞,バーガー,丸いパンの間に肉と野菜とチーズなどを挟んだ食べ物。
버릇,名詞,くせ【癖】,長い間繰り返して習慣になった性質や行動。
버스,名詞,バス,料金をもらって決まった道を通って、たくさんの人を乗せる大きい自動車。
보기,名詞,みほん【見本】。サンプル。れい【例】,何かを説明したり証明するために代表として示すもの。
보라색,名詞,むらさきいろ【紫色】。むらさき【紫】,赤と青の中間の色。
부모님,名詞,ごりょうしん【ご両親】,両親を敬っていう語。
부부,名詞,ふうふ【夫婦】。ふさい【夫妻】,夫と妻。
부분,名詞,ぶぶん【部分】,全体を成している小さい範囲。また、全体をいくつかのグループに分けたものの中で一つ。
부엌,名詞,だいどころ【台所】。キッチン。ちゅうぼう【厨房】,家の中で調理や皿洗いをするなど、食事と関連した仕事をする場所。
부인,名詞,ふじん【夫人】,他人の妻を敬っていう語。
부자,名詞,かねもち【金持ち】。ものもち【物持ち】。ふごう【富豪】,財産を多く持っている人。
부장,名詞,ぶちょう【部長】,機関・組織などで一部を受け持って総括する職位。また、その職位の人。
부족,名詞,ふそく【不足】,必要な量や基準に満たないか、十分でないこと。
부탁,名詞,たのみ【頼み】。おねがい【お願い】。いらい【依頼】,何かをしてほしいと伝えて願うこと。また、ゆだねること。
비,名詞,あめ【雨】,高いところで雲をつくっていた水蒸気が冷えて、一塊になって落ちてくる水滴。
비교,名詞,ひかく【比較】。くらべ【比べ】,二つ以上のものを並べて、同じ点と違う点を見比べること。
비구름,名詞,あまぐも【雨雲】,雨を降らせる雲。
비누,名詞,せっけん【石鹸】,水をつけて泡を出して、身体や服についた汚れを洗い落とす洗剤。
비디오,名詞,ビデオ,テレビで、音声と対応する映像。
비밀,名詞,ひみつ【秘密】,隠していて、人に知られていないこと。
비옷,名詞,あまぎ【雨着】。あまガッパ【雨ガッパ】。レインコート,雨に濡れないように衣服の上に着る、防水のもの。
비행기,名詞,ひこうき【飛行機】,人や物を乗せて空を飛ぶ交通手段。
사거리,名詞,じゅうじろ【十字路】。よつつじ【四つ辻】。よつかど【四つ角】,道が1ヵ所から4つの方向に分かれている場所。
사계절,名詞,しき【四季】,春・夏・秋・冬の4つの季節。
사고,名詞,じこ【事故】,思いがけず起こった、望ましくない出来事。
사과,名詞,りんご【林檎】。アップル,丸くて赤い、甘酸っぱい味のする果物。
사람,名詞,ひと【人】。にんげん【人間】。じんるい【人類】,考える力があり、言語と道具を使い、社会を作って生きる存在。
사랑,名詞,あい【愛】。こい【恋】。あいじょう【愛情】,相手に性的な魅力を感じて、熱烈に恋い慕う情。
사무실,名詞,じむしつ【事務室】,職場で主に書類などを処理し、自分に課せられた仕事をする部屋。
사업,名詞,じぎょう【事業】。ビジネス,経済的な利益を得るために、ある組職を経営すること。
사용,名詞,しよう【使用】,何かを必要なことや機能に合わせて使うこと。
사월,名詞,しがつ【四月】,1年12ケ月の中で4番目の月。卯月（うづき）。
사이,名詞,あいだ・ま【間】。かんかく【間隔】。あいま【合間】,物と物まで、または場所と場所までの距離や空間。
사이다,名詞,サイダー,砂糖水に炭酸を混合して作った透明な炭酸飲料。
사이즈,名詞,サイズ,服・靴などの大きさ・寸法。
사장,名詞,しゃちょう【社長】,会社を代表し、会社の事に責任を持つ人。
사장님,名詞,しゃちょう【社長】,店や会社の社長を敬っていう語。
사전,名詞,じてん【辞典】。じしょ【辞書】。じびき【字引】,言葉を集めて一定の順序に従って載せ、その発音・意味・語源・用法などを説明した本。
사진,名詞,しゃしん【写真】,事物の姿を長く保存できるようにカメラで撮って、紙やコンピューターなどに写した映像。
사진기,名詞,しゃしんき【写真機】。カメラ,写真を撮る機械。
사진반,名詞,しゃしんぶ【写真部】,学校などで写真の撮影を趣味とする部活動や団体。
사진사,名詞,しゃしんし【写真師】。しゃしんぎし【写真技師】,写真の撮影を職業とする人。
사진작가,名詞,しゃしんさっか【写真作家】,写真の撮影を専門的に行う芸術家。
사탕,名詞,キャンディー,飴や砂糖を煮詰めて、口に入れやすい大きさに作った硬くて甘い菓子。
사흘,名詞,みっか・みか【三日】。みっかかん【三日間】,三つの日数。
새것,名詞,しんぴん【新品】,既存の物ではなく、新しく出たり作った物。
새벽,名詞,よあけ【夜明け】。あけがた【明け方】。あかつき【暁】,日が昇るころ。
새해,名詞,しんねん【新年】。しんしゅん【新春】,新しく始まる年。
샤부샤부,名詞,しゃぶしゃぶ,薄く切った肉と野菜、海鮮などを、沸騰した出汁に入れて軽く煮て食べる料理。
샤워,名詞,シャワー,雨のように水を噴出させる器具を使用して体を洗うこと。
샤워실,名詞,シャワーしつ【シャワー室】,シャワーができるように作られた部屋。
샤프,名詞,シャープペンシル。シャーペン,ノックボタンを押すと芯が少しずつ出てきて、字を書く時に使う筆記用具。
서랍,名詞,ひきだし【引き出し】,机や箪笥などに取り付け、引き出して開けるようにした、ものを入れるための箱。
서로서로,名詞,たがい【互い】。そうほう【双方】,対を成したり相対する関係にある相手を強調していう語。
서류,名詞,しょるい【書類】,文字で書き付けた文書。
서비스,名詞,サービス,製品を直接作らない、販売・観光・金融・医療などの活動。
서울말,名詞,ソウルのことば【ソウルの言葉】。ソウルほうげん【ソウル方言】,ソウルの人々が使う言葉。
서점,名詞,しょてん【書店】。ほんや【本屋】,本を売る店。
서쪽,名詞,にし【西】。せいほう【西方】。にしがわ【西側】,東西南北の四方位の一つで、日が沈む方向。
세계,名詞,せかい【世界】,地球上のすべての地域・国家。
세배,名詞,セベ【歳拝】,お正月に目上の人に対するあいさつとして行うお辞儀。
세뱃돈,名詞,おとしだま【御年玉】,お正月に目上の人にセベをしてから受け取る金銭。
세상,名詞,よ【世】。ちじょう【地上】,地球の上の全体。
세수,名詞,せんめん【洗面】。せんがん【洗顔】。てあらい【手洗い】,湯水で手や顔を洗うこと。
세숫대야,名詞,せんめんき【洗面器】。てだらい【手盥】。ちょうずだらい【手水盥】,手や顔を洗うのに使う、湯水を入れる大きい器。
세숫물,名詞,ちょうず【手水】。せんめんようのみず【洗面用の水】,手や顔などを洗う用途に使う湯水。
세숫비누,名詞,せんがんせっけん【洗顔石けん】。ソープ,手や顔を洗うのに使う石けん。
세탁,名詞,せんたく【洗濯】。せんじょう【洗浄】。クリーニング,汚れた衣服などを洗うこと。
세탁기,名詞,せんたくき【洗濯機】,洗濯に用いる機械。
세탁비누,名詞,せんたくせっけん【洗濯石鹸】,洗濯用の石けん。
세탁소,名詞,クリーニングや【クリーニング屋】。せんたくや【洗濯屋】,洗濯やアイロンがけなどの営業をする店。
소,名詞,うし【牛】,大型で、褐色または白色と黒色の毛があり、乳を搾って飲んだり、肉を食べたりするために飼う家畜。
소개,名詞,しょうかい【紹介】,両方の仕事がうまく進められるように努めること。
소고기,名詞,ぎゅうにく【牛肉】,食用とする牛の肉。
소금,名詞,しお【塩】。しょくえん【食塩】,しょっぱい味の白い粉。
소리,名詞,おと【音】,物体が振動してできた音波が耳に聞こえること。
소설,名詞,しょうせつ【小説】,作家が作り出して書いた、物語の形式になっている文学作品。
소식,名詞,しょうそく【消息】。たより【便り】。おとさた【音沙汰】,遠く離れていたり、あまり会っていない人の事情や状況を知らせる音信や手紙。
소주,名詞,しょうちゅう【焼酎】,穀物やサツマイモなどで酒造した酒を蒸留して得た酒。
소주병,名詞,しょうちゅうびん【焼酎瓶】,焼酎を入れる瓶。
소주잔,名詞,しょうちゅうグラス【焼酎グラス】。しょうちゅうはい【焼酎杯】,焼酎のように強い酒を飲むのに使う小さい杯。
소파,名詞,ソファー,背もたれに身を預けてゆったりと座れる、クッションが効いた長椅子。
소포,名詞,こづつみ【小包】。こづつみゆうびんぶつ【小包郵便物】,郵便で送る、包装されている小さい物品。
소풍,名詞,ピクニック。えんそく【遠足】。のあそび【野遊び】,景色を楽しんだり遊んだりすることを目的として野外に出かけてくること。
소화제,名詞,しょうかざい【消化剤】,消化を促進させる薬。
쇼핑,名詞,ショッピング。かいもの【買い物】,デパートや商店街を回りながら見物し、買い物をすること。
쇼핑백,名詞,ショッピングバッグ。かいものぶくろ【買い物袋】,商店で購入した品物を入れてくれる、紙やビニールなどで作ったバッグや袋。
수건,名詞,てぬぐい【手拭い】。てふき【手拭き】。タオル,体・顔・手の水気を拭くのに使う布。
수고,名詞,くろう【苦労】。ろうく【労苦】。ほねおり【骨折り】,何かをするために力を尽くし、苦しい思いをすること。また、その苦しさ。
수박,名詞,すいか【西瓜】,丸くて大きく、緑色に青黒い縞模様があって、果肉は赤く水分の多い果物。
수술,名詞,しゅじゅつ【手術】。オペ,病気を治すために体の一部を切断したり縫ったりすること。
수업,名詞,じゅぎょう【授業】,教師が生徒・学生に知識や技術を教えること。
수영,名詞,すいえい【水泳】,水の中を泳ぐこと。
수영복,名詞,みずぎ【水着】,水泳する時に着る服。
수영장,名詞,すいえいじょう【水泳場】,泳ぎながら遊び、水泳競技ができるように施設を備えたところ。
수요일,名詞,すいようび【水曜日】,月曜日を基準にした一週の第3日。
수저,名詞,さじとはし【匙と箸】,匙と箸。
수첩,名詞,てちょう【手帳】,必要な時に簡単にメモするために持ち歩く小さなノート。
슈퍼,名詞,スーパー,食べ物や生活に必要な物品などをすべて揃えて売る大きな店。
슈퍼마켓,名詞,スーパーマーケット,食べ物や生活に必要な物品などをすべて揃えて売る大きな店。
스웨터,名詞,セーター,毛糸で分厚く編んだ上着。
스카프,名詞,スカーフ,防寒や装飾のために頭にかぶったり首に巻いたりする、薄くて長い布。
스케이트,名詞,スケート。アイススケート,氷上を滑走する用具。靴の底に金属製のブレードを取り付けたもの。
스키,名詞,スキー,雪上を滑走するために木やプラスチックで作った細長い板状の用具。
스키장,名詞,スキーじょう【スキー場】,スキーができる施設が整った場所。
스타,名詞,スター,人気の多い芸能人や運動選手。
스트레스,名詞,ストレス,仕事や人、環境などで心理的・肉体的に圧迫と緊張を感じる状態。
스트레칭,名詞,ストレッチング,体と手足を伸ばすこと。
스포츠,名詞,スポーツ,決められたルールに従って体を動かし、身体能力や技術を競い合うこと。
스포츠맨,名詞,スポーツマン,運動に才能があるか、運動を専門的にする人。
스포츠카,名詞,スポーツカー,主にレースをしたり運転を楽しむためにスピードを速く出せるように作った自動車。
스푼,名詞,スプーン。さじ【匙・匕】,料理を食べたりお茶を飲むときに使う、丸い皿状の部分に長い柄がついている道具。色々なサイズがある。
시간표,名詞,じかんひょう【時間表】。じかんわり【時間割】。タイムテーブル,時間によって仕事などを割り当て、あらわした表。
시계,名詞,とけい【時計】,時間を表す機械。
시골,名詞,いなか【田舎】,都会から離れている地域。主に都会より人口が少なく、開発が進まず自然に接しやすい。
시내,名詞,しない【市内】,都市の中。
시민,名詞,しみん【市民】,都市の住民。
시아버지,名詞,しゅうと【舅】,夫の父。
시어머니,名詞,しゅうとめ【姑】,夫の母。
시월,名詞,じゅうがつ【十月】,1年12ケ月の中で10番目の月。
시작,名詞,はじまり【始まり】。はじめ【始め】。かいし【開始】。スタート,ある事や行動の初めの段階になったり、すること。また、そのような段階。
시장,名詞,いちば【市場】。マーケット,色々な商品を売買する所。
시청,名詞,しやくしょ【市役所】,市の行政事務を扱う国の機関。
시험,名詞,しけん【試験】。こうし【考試】。こうさ【考査】。テスト,問題・質問・実際の行動などの一定の手続きに従って、知識や能力を検査し評価すること。
시험공부,名詞,しけんべんきょう【試験勉強】,試験をうまく受けるための勉強。
쓰레기,名詞,ごみ,剥ぎ取ったほこり、または使えなくなって捨てる予定の物やすでに捨てた物。
쓰레기장,名詞,ごみすてば【ごみ捨て場】,ごみを捨てるように決めておいたところ。
쓰레기통,名詞,ごみばこ【ごみ箱】,ごみを入れたり集めておく箱。
아가씨,名詞,おじょうさん【お嬢さん】,結婚していない若い女性。
아기,名詞,あかんぼう【赤ん坊】。あかご【赤子】,乳を飲んでいる時期の幼い子。
아나운서,名詞,アナウンサー。アナ,ニュース報道・実況中継・司会などの放送を専門に担当する人。
아내,名詞,つま【妻】。かない【家内】。にょうぼう【女房】,結婚して男性の配偶者になった女性。
아들,名詞,むすこ【息子】,男性である子供。
아래,名詞,した【下】,一定の基準より低い位置。
아래위,名詞,じょうげ・うえした【上下】,上と下。
아래쪽,名詞,したのほう【下の方】。かほう【下方】,下になる場所や方向。
아르바이트,名詞,アルバイト。バイト。ないしょく【内職】,収入を得るために本業とは別の仕事を臨時にすること。
아름다움,名詞,うつくしさ【美しさ】,美しい様子。
아메리카노,名詞,アメリカーノ,エスプレッソにお湯を加えたコーヒー。
아무것,名詞,なに・なん【何】,正確に決まっていない、ある物事。
아버님,名詞,おとうさま【御父様】,自分を生んでくれた男性を指したり呼んだりする尊敬語。
아버지,名詞,ちち【父】。ちちおや【父親】。おとうさん【御父さん】,自分を生んでくれた男性。また、その人を呼ぶ語。
아빠,名詞,パパ。おとうちゃん【お父ちゃん】,くだけた場面で父親を指したり呼ぶ語。
아이,名詞,こ【子】。こども【子供】,幼い者。
아이섀도,名詞,アイシャドー,目もとに発色の効果を出すための化粧品。
아이스커피,名詞,アイスコーヒー,氷を入れて冷たくしたコーヒー。
아이스케이크,名詞,アイスキャンディー,砂糖水に牛乳や果実汁などを混ぜ、中央部に細いスティック棒を差し込んで凍らせた菓子。
아이스크림,名詞,アイスクリーム,砂糖や牛乳、果実汁などを入れて、クリーム状に凍らせて作った食べ物。
아이스티,名詞,アイスティー,氷を入れて冷やした紅茶。
아저씨,名詞,おじ【叔父・伯父】。おじさん【叔父さん・伯父さん】,親戚関係において、親の兄弟または親の従兄弟を指したり呼ぶ語。
아주머니,名詞,おば【叔母・伯母】。おばさん【叔母さん・伯母さん】,親戚関係において、親の姉妹または親の従姉妹を指したり呼ぶ語。
아줌마,名詞,アジュンマ。おばさん【小母さん】,他人同士で成人女性を軽くへりくだっていう語。
아침,名詞,あさ【朝】,夜が明けて日が昇り一日が始まる頃までの時間。
아쿠아리움,名詞,アクアリウム,水中に住む生物を観察し、体験できるように作られた大型水族館。または、そのような水族館を備えた施設。
아파트,名詞,マンション。アパート,大きい高層建物の内部を複数に区切り、それぞれを独立した住居として居住できるように建てた住宅。
애,名詞,こ【子】。こども【子供】,幼い者。
애인,名詞,こいびと【恋人】,互いに愛し合っている関係にある人。
야구,名詞,やきゅう【野球】。ベースボール,9人編成の2チームが攻撃と守備を交替しながら、相手チームの投手の投げるボールをバットで打ち、四つの塁を回ってきて得点するスポーツ競技。
야구공,名詞,やきゅうボール【野球ボール】,野球競技に使うボール。
야채,名詞,やさい【野菜】。あおもの【青物】。そさい【蔬菜】,畑で栽培し、その葉や茎、実を食用とする農作物。
얘기,名詞,はなし【話】,ある事実・状態・現象・経験・考えなどについて誰かに話す言葉。
어깨,名詞,かた【肩】,首の付け根から腕が胴体に接続する部分の上部にかけての部分。
어두운색,名詞,あんしょく【暗色】。くらいいろ【暗い色】。ダークカラー,暗くて鮮明さの度合いが低い色。
어른,名詞,おとな【大人】。せいじん【成人】,一人前になった人。
어린아이,名詞,こども【子供】。じどう【児童】。しょうに【小児】,年のいかない幼い子。
어린이,名詞,じどう【児童】。こども【子供】,4、5歳から小学生までの幼い子。
어머니,名詞,はは【母】。ははおや【母親】。じつぼ【実母】。おかあさん【お母さん】,自分を産んだ女性。また、その人を呼ぶ語。
어머님,名詞,おかあさま【御母様】,自分を産んでくれた女性の尊敬語。また、その人を呼ぶ語。
어젯밤,名詞,ゆうべ・さくや【昨夜】。ゆうべ【夕べ】,昨日の夜。
에어컨,名詞,クーラー,冷たい空気を出させ、湿度を調節する機械。
여권,名詞,りょけん【旅券】。パスポート,外国に旅行・滞在する人の身分や国籍を証明し、相手国にその人の保護を依頼する文書。
여기저기,名詞,あちこち。あちらこちら。あっちこっち,はっきりと決まっていない色々な場所や位置。
여동생,名詞,いもうと【妹】,兄弟のうち、年下の女。
여름,名詞,なつ【夏】,四季の一つで、春と秋の間の暑い季節。
여름날,名詞,なつび【夏日】,夏の日。
여름옷,名詞,なつふく【夏服】。なつもの【夏物】,夏に着る衣服。
여성,名詞,じょせい【女性】。ふじん【婦人】,女の人。特に成人した女。
여자,名詞,おんな【女】。じょし【女子】。じょせい【女性】,女として生まれた人。
여자아이,名詞,じょじ【女児】,女の子。
여학생,名詞,じょがくせい【女学生】。じょしがくせい【女子学生】,女子の学生・生徒。
여행,名詞,りょこう【旅行】。たび【旅】,家を離れて他の地域や外国の各所を見物しながら行きまわること。
여행사,名詞,りょこうだいりてん【旅行代理店】。りょこうがいしゃ【旅行会社】,旅行に必要とされる交通・宿泊・観光案内などの業務を行う会社。
여행지,名詞,りょこうさき【旅行先】,旅行に行く先。
예매,名詞,よやく【予約】,乗車券や入場券などを期日より早く前もって購入すること。
예술,名詞,げいじゅつ【芸術】,学問と技術。
예습,名詞,よしゅう【予習】,今後学ぶことを前もって学習すること。
예약,名詞,よやく【予約】,席・部屋・物品などを使用するために前もって約束すること。また、その約束。
오거리,名詞,ごさろ【五叉路・五差路】,道路が五つの方向へ延びる交差点。
오래간만,名詞,ひさびさ【久久】。ひさしぶり【久しぶり】,前の出来事があった時から、長い時間が経過した後。
오랜만,名詞,ひさびさ【久久】。ひさしぶり【久しぶり】,前の出来事があった時から、長い時間が経過した後。
오랫동안,名詞,ながいあいだ【長い間】。ながらく【長らく】。ひさしく【久しく】。ちょうじかん【長時間】,非常に長い間。
오렌지,名詞,オレンジ,果皮が厚く果汁が豊富な、オレンジ色の丸い果実。
오른손,名詞,みぎて【右手】,右側の手。
오른쪽,名詞,みぎ【右】。みぎがわ【右側】,人が北を向いた時、東に当たる方。
오빠,名詞,おにいさん【お兄さん】。あに【兄】,女の人がきょうだいや親戚のきょうだいのうち、自分より年上の男の人を指したり呼ぶ語。
오월,名詞,ごがつ【五月】,1年12ケ月の中で5番目の月。
오이,名詞,きゅうり【胡瓜】,夏に黄色い花が咲き、緑色の長い楕円形の実が実る植物。また、その実。
오전,名詞,ごぜん【午前】,夜明けから正午までの時間。
오전반,名詞,ごぜんぐみ【午前組】,午前と午後に分けて授業をする学校などで、午前に授業をする組。
오후,名詞,ごご【午後】,正午から日没までの時間。
오후반,名詞,ごごぐみ【午後組】,午前と午後に分けて授業をする学校などで、午後に授業をする組。
와이셔츠,名詞,ワイシャツ,男子の背広の下に着る、台襟・カフス付きのシャツ。
와이파이,名詞,Wi-Fi。ワイファイ。むせんLAN【無線LAN】,有線ではなく無線電波を使って、コンピューターや携帯電話をインターネットにつなげたりデータを伝送するシステム。
외국,名詞,がいこく【外国】,自国ではなく、他の国。
외국어,名詞,がいこくご【外国語】,他の国家の言語。
외국인,名詞,がいこくじん【外国人】。いこくじん【異国人】。がいじん【外人】,他の国家の国民。
외출,名詞,がいしゅつ【外出】,用事があって、自宅や勤め先などからよそへ出かけること。
요가,名詞,ヨガ,古代インドから伝えられている、心身を修行する方法。
요금,名詞,りょうきん【料金】,施設を使ったり、見物をするのに支払う金銭。
요리,名詞,りょうり【料理】,食べ物をこしらえること。
요리사,名詞,りょうりにん【料理人】,料理を作るのを職業とする人。
요일,名詞,ようび【曜日】,１週間を構成するそれぞれの日。
요즘,名詞,さいきん【最近】。ちかごろ【近頃】。このごろ【この頃】,少し前から現在までの間。
우리나라,名詞,わがくに【我が国】,韓国人が韓国を自ら指す語。
우산,名詞,かさ【傘】,長い棒の上に屋根のような幕を広げて、雨が降る時に頭上に差しかざす道具。
우선,名詞,ゆうせん【優先】,他のものより先に特別に待遇すること。
우유,名詞,ぎゅうにゅう【牛乳】。ミルク,乳牛の乳で、アイスクリームやバター、チーズなどを作るのに使う白色の液体。
우유병,名詞,ぎゅうにゅうびん【牛乳瓶】,牛乳を入れる瓶。
우체국,名詞,ゆうびんきょく【郵便局】,手紙、小包みの発送や預金の管理などを行う公共機関。
우표,名詞,ゆうびんきって【郵便切手】。きって【切手】,郵便料金を支払った証票として郵便物に貼る紙片。
위,名詞,うえ【上】。かみ【上】,ある基準より高い方。また、中間より高い方。
위쪽,名詞,うわかわ【上側】。じょうほう【上方】,上の方になった席や方向。
위치,名詞,いち【位置】,ある場所を占めること。また、その場所。
위험,名詞,きけん【危険】,被害を受けたり怪我したりする恐れがあって、安全でないこと。また、その状態。
유리,名詞,ガラス【硝子】,透明で堅くて割れやすい、窓や鏡などに用いられる物質。
유명,名詞,ゆうめい【有名】,世間に名が広く知られていること。
유월,名詞,ろくがつ【六月】,1年12ケ月の中で6番目の月。
유치원,名詞,ようちえん【幼稚園】,小学校に入学する前の幼児を教育する機関及び施設。
유학,名詞,りゅうがく【留学】,外国に滞在して学ぶこと。
유학생,名詞,りゅうがくせい【留学生】,外国に滞在して学ぶ生徒や学生。
유행,名詞,りゅうこう【流行】。はやり【流行り】,伝染病が世の中に広まること。
의미,名詞,いみ【意味】,言葉や文章、記号などが示す内容。
의사,名詞,いし【医師】。いしゃ【医者】,一定の資格をもち、病気の診察や治療を職業とする人。
의자,名詞,いす【椅子】。こしかけ【腰掛】,人が尻と股をつけて座るための家具。
이날,名詞,このひ【此の日】。そのひ【其の日】。とうじつ【当日】,前述した日。
이때,名詞,このとき【此の時】。いま【今】,ただいま。また、言ったばかりの時。
이름,名詞,な【名】。なまえ【名前】。めいしょう【名称】,他と区別するため、動物・事物・現象などにつけて呼ぶ語。
이마,名詞,ひたい【額】。おでこ,顔の眉の上から髪の生えぎわまでの部分。
이모,名詞,おば【叔母・伯母】,母親の姉妹を指したり呼ぶ語。
이모부,名詞,おじ【叔父・伯父】。ぎりのおじ【義理の叔父・義理の伯父】,母親の姉妹の夫を指したり呼ぶ語。
이번,名詞,こんど【今度】。こんかい【今回】。このたび【この度】,すぐ行われる順序にある事柄。または、行われたばかりの事柄。
이불,名詞,かけぶとん【掛け布団・掛布団】,寝る時に、体の上にかけるために布などで作った物。
이사,名詞,ひっこし【引越し】,住んでいた所を離れて、他の所に移ること。
이삿짐,名詞,ひっこしにもつ【引っ越し荷物】,引っ越しの時に運ぶ荷物。
이상,名詞,いじょう【異常】,正常でないこと。
이야기,名詞,はなし【話】,ある事実・状態・現象・経験・考えなどについて誰かに話す言葉・文章。
이용,名詞,りよう【利用】,対象を必要に応じて役立つように使うこと。
이웃,名詞,となり【隣】,ある地域や国に並んで、または近くにある。
이월,名詞,にがつ【二月】,1年12ケ月の中で2番目の月。
이유,名詞,りゆう【理由】,ある結果が生じたわけや根拠。
이전,名詞,いぜん【以前・已前】,今より前の時点。
이틀,名詞,ふつか【二日】,日の数二つ。
이해,名詞,りかい【理解】。りょうかい【了解】,物事について正しく分かること。また、納得すること。
이후,名詞,いご【以後・已後】。こんご【今後】,これから先。
자기소개,名詞,じこしょうかい【自己紹介】,初対面の人などに自分の名前・職業・趣味などを自分で知らせること。
자동차,名詞,じどうしゃ【自動車】。くるま【車】。カー,エンジンの力によって車輪を回転させ、路上を走るように作った車。
자동판매기,名詞,じどうはんばいき【自動販売機】。じはんき【自販機】,硬貨・紙幣を差し入れると、自動的に目的の物品が得られる装置。
자랑,名詞,じまん【自慢】。ほこり【誇り】,自分、または自分に関係のある人・物事が、人に褒められるようなものであると、公に誇ること。
자리,名詞,ば【場】。ばしょ【場所】。くうかん【空間】,人や物が占める空間。
자식,名詞,しそく【子息】。こ【子】。こども【子供】。せがれ,息子と娘。または、息子か娘。
자신,名詞,じぶん【自分】,その人自身。
자연,名詞,しぜん【自然】,人力によってではなく、おのずから世の中に存在したり行われたりする現象や存在。
자유,名詞,じゆう【自由】,何かに縛られたり拘束されたりせずに、自分の考えや意志に従って行動できる状態。
자전거,名詞,じてんしゃ【自転車】,人が乗って、両足でペダルを踏んで、車輪を回転させて走る乗り物。
자판기,名詞,じはんき【自販機】。じどうはんばいき【自動販売機】,金を入れて物品を選ぶと、買おうとする物品が自動的に出てくる装置。
재료,名詞,ざいりょう【材料】,ものを作る時に使われるもの。
재미,名詞,たのしみ【楽しみ】。きょうみ【興味】,ある物事が与える楽しい気分や感じ。
재채기,名詞,くしゃみ【嚔・嚏】,鼻粘膜の刺激によって、急に大きな声とともに強い呼吸を発すること。
저금,名詞,ちょきん【貯金】,金をためたり、銀行などの金融機関に預けたりすること。また、その金。
저녁,名詞,ゆうがた【夕方】。ひぐれ【日暮れ】。ゆうぐれ【夕暮れ】,日が暮れ始めて夜になるまでの間。
저번,名詞,このまえ【此の前】。このあいだ【此の間】。せんじつ【先日】。せんぱん【先般】,言っている時点の前の回や時。
제목,名詞,だいもく【題目】。ひょうだい【表題・標題】。タイトル,文章や映画、公演などで、中心となる内容を表すために付ける名前。
조깅,名詞,ジョギング,健康維持のために適度な速度でゆっくり走る運動。
조심,名詞,ようじん【用心・要心】,悪いことが起こらないように、言葉や行動に注意すること。
조카,名詞,ゆうし【猶子】。めい【姪】。おい【甥】,兄弟姉妹が生んだ子。
주말,名詞,しゅうまつ【週末】,一週間の末。
주말여행,名詞,しゅうまつりょこう【週末旅行】,週末に行く旅行。
주머니,名詞,ふくろ【袋】。かねぶくろ【金袋】。きんちゃく【巾着】,金や物などを入れて持ち歩くために、布や皮などで作ったもの。
주문,名詞,ちゅうもん【注文・註文】。オーダー,ある物を作って売る人に、その物の種類、数量、形、大きさなどを教えて、製造や配達を依頼することや内容。
주변,名詞,しゅうへん【周辺】,ある対象を取り巻いている周りの部分。また、近い範囲内。
주부,名詞,しゅふ【主婦】,一家の家事の切り盛りをする人。
주사,名詞,ちゅうしゃ【注射】,注射器で人や動物の体内に薬液を直接注入すること。また、その器具。
주소,名詞,じゅうしょ【住所・住処】。アドレス,家や職場、機関などが位置した所の行政区域上の名称。
주스,名詞,ジュース,果物や野菜の絞り汁。また、それで作った飲料。
주위,名詞,しゅうい【周囲】。まわり【周り】,何かを囲んでいるまわりの部分。
주인,名詞,しゅじん【主人】。ぬし【主】。もちぬし【持ち主】。あるじ【主】。しょゆうしゃ【所有者】。オーナー,物事や対象を自分のものとして所有している人。
주차,名詞,ちゅうしゃ【駐車】,自動車などを一定の場所にとめておくこと。
주차장,名詞,ちゅうしゃじょう【駐車場】。パーキング,自動車を駐車するための場所。
주황색,名詞,だいだいいろ【橙色】。オレンジいろ【オレンジ色】,赤色と黄色が混ざった色。
지각,名詞,ちこく【遅刻】,決められた時刻に遅れて出社したり登校すること。
지갑,名詞,さいふ【財布】。かねいれ【金入れ】。さついれ【札入れ】,金銭、カード、名刺などを入れて持ち歩くことができるように革や布などで作ったもの。
지난달,名詞,せんげつ【先月】。ぜんげつ【前月】。きょげつ・きょがつ【去月】。あとげつ【後月】,今月のすぐ前の月。
지난번,名詞,このまえ【この前】。このあいだ【この間】。ぜんかい【前回】。さき【先】。さっき。さきごろ【先ごろ】,話している時を基準に、以前の順番や過ぎた時。
지난주,名詞,せんしゅう【先週】,今週のすぐ前の週。
지난해,名詞,きょねん【去年】。さくねん【昨年】,今年のすぐ前の年。
지도,名詞,ちず【地図】,地球表面の全部や一部を一定の割合で縮小し、記号を用いて平面上に描いた絵。
지방,名詞,ちほう【地方】,行政区画やある特徴などを基準に分けられる地域。
지우개,名詞,けしゴム【消しゴム】,鉛筆で書いたものを消すのに用いる、ゴム製の道具。
지하,名詞,ちか【地下】,土の中や、地面の下を掘って作った建物の空間。
지하도,名詞,アンダーパス。ちかどう【地下道】,地面の下を掘り下げて作った道路。
지하철,名詞,ちかてつ【地下鉄】,地下の鉄道を通る電動車。
지하철역,名詞,ちかてつのえき【地下鉄の駅】,地下鉄に乗り、地下鉄を降りる所。
짜증,名詞,かんしゃく【癇癪】。いらだち【苛立ち】,気に入らなくて腹を立てたり嫌な気分を表現すること。また、そのような性格。
찌개,名詞,チゲ,少なめの出し汁に肉や豆腐、野菜などを入れ、コチュジャンまたはテンジャンなどで味付けをして煮立てたやや塩辛い料理。
차,名詞,ちゃ【茶】。おちゃ【お茶】 | くるま【車】,"良い香りや味のある植物の葉・根・実などを煎じたりお湯を注いで味を出した飲料。
 | 車輪がついていて、人や荷物を運ぶ機関。"
차례,名詞,じゅんじょ【順序】。じゅんばん【順番】。じゅん【順】。ばん【番】,物事を行ったり物事が起こる手順。
채소,名詞,やさい【野菜】。そさい【蔬菜】。あおもの【青物】,畑で栽培され、主にその葉っぱや茎、実などを食べる農作物。
처음,名詞,いちばんはじめ【一番初め】。さいしょ【最初】,順序や時間の上で一番先。
체육관,名詞,たいいくかん【体育館】,室内で運動競技ができるように設けられた建物。
초대,名詞,しょうたい【招待】,ある催し・会・行事などに来てくれるように客を招くこと。
초대장,名詞,しょうたいじょう【招待状】,ある催し・会・行事などにに招待する旨を書いて送る手紙。
초등학교,名詞,しょうがっこう【小学校】,児童に基本的な教育を行うための学校。満6歳で入学し、6年間基本的な教育を受ける。
초등학생,名詞,しょうがくせい【小学生】,小学校に通う生徒。
초록색,名詞,みどり【緑】。みどりいろ【緑色】。くさいろ【草色】。くさばいろ【草葉色】,黄色と青の中間色で、濃い草のような色。
초콜릿,名詞,チョコレート。チョコ,ココア粉に、牛乳・バター・砂糖などを加えて作った、主に黒色の甘い菓子。
최고,名詞,さいこう【最高】,程度が最も高いこと。
최근,名詞,さいきん【最近】,現在より少し前のある時から現在までの間。
최저,名詞,さいてい【最低】,程度や水準などが最も低いこと。
추석날,名詞,チュソク。きゅうれきのぼんやすみ【旧暦の盆休み】,韓国の節日の一。陰暦8月15日で、新米で作った「ソンピョン」という餅や走りの果物などの食物を用意して、祭祀を行う。また、「シルム（韓国相撲）」、綱引き、「カンガンスルレ」などの民俗遊戯を楽しむ。
취미,名詞,しゅみ【趣味】,好きで楽しみとしてしている事柄。
취소,名詞,とりけし【取り消し】。ちゅうし【中止】。キャンセル,すでに発表した事を無効とするか、約束したことや予定されている事を取りやめること。
취직,名詞,しゅうしょく【就職】。しゅうぎょう【就業】。しゅうろう【就労】,一定の職業を得て職場に行くこと。
치과,名詞,しか【歯科】,歯や歯茎などの支持組織、口腔などの病気を治療する医学分野。また、その分野の病医院。
치료,名詞,ちりょう・じりょう【治療】。りょうじ【療治】,病気やけがなどを治すこと。
치마,名詞,スカート,下半身を覆う女性服で、両足をそれぞれ入れる部分のない服。
치약,名詞,はみがき【歯磨き】。はみがきこ【歯磨粉】,歯を磨く時に使うもの。
카드,名詞,カード,ある事柄の証明や記録のために一定のサイズと規格に従って切断した厚い紙・厚いプラスチック。
카디건,名詞,カーディガン,前開きのスタイルでボタンをかけるようになっている毛糸で編んだセーター。
카메라,名詞,カメラ,写真を撮る器械。
카페,名詞,カフェ。コーヒーてん【コーヒー店】。きっさてん【喫茶店】,主にコーヒーや紅茶のような飲み物、軽い間食などを販売する店。
카페라테,名詞,カフェラテ,エスプレッソにミルクを混ぜたコーヒー。
카푸치노,名詞,カプチーノ,泡立てた熱い牛乳にエスプレッソを混ぜて飲むコーヒー。
커피,名詞,コーヒー。コーヒーまめ【コーヒー豆】。コーヒーこな【コーヒー粉】,煎って粉にしたものを熱湯でこしたり煮出したりして飲む、コーヒーの木の種子、またはその粉。
커피숍,名詞,コーヒーショップ。コーヒーてん【コーヒー店】。カフェ。きっさてん【喫茶店】,人々が主にコーヒーや紅茶などを飲みながら話し合ったり休憩したりするようにした店。
케이크,名詞,ケーキ,小麦粉に卵・バター・牛乳・砂糖などを混ぜてこねてからオーブンに入れて焼いた後、生クリームや果物などでデコレーションした洋菓子。
케이팝,名詞,K-POP,現代韓国の大衆歌謡を他国の大衆歌謡に対して言う語。主にアイドルグループの歌を指す。
코,名詞,はな【鼻】,息をして、においを嗅ぐ身体の一部。
코감기,名詞,はなかぜ【鼻風邪】,鼻がつまり、鼻水が出る症状の風邪。
코끼리,名詞,ぞう【象】,非常に長い鼻と二つの大きい奥歯を持っている、陸地動物の中で一番大きい動物。
코미디언,名詞,コメディアン,喜劇を専門にする役者。
코코아,名詞,ココア,カカオの豆をひいて粉末にした茶色の粉。
쿠션,名詞,クッション,いすや乗り物の座席などで、座り心地を良くするために羽毛やばねなどを中に入れて作ったもの。
쿠키,名詞,クッキー,小麦粉に色々な材料を加えて焼いた洋菓子。
쿠폰,名詞,クーポン。かいすうけん【回数券】,1枚ずつ切り取って現金のように使用する券。
크기,名詞,おおきさ【大きさ】。サイズ,物のかさ、広さ、量などが大きい程度。
크리스마스이브,名詞,クリスマスイブ。イブ。せいや【聖夜】,クリスマスの前日である12月24日の夜。
크리스마스트리,名詞,クリスマスツリー,クリスマスのとき、星飾り・鐘・豆電球などの様々な飾りで装飾して立てる木。
키,名詞,せ【背】。せたけ【背丈】。しんちょう【身長】。みのたけ【身の丈】,人や動物がまっすぐに立った時のかかとから頭頂までの体の高さ。
키위,名詞,キウイ。キーウィ。キウイフルーツ,卵の形をした果実の表面に褐色の毛があり、果肉は真ん中は黄色でその周りは淡緑色で、黒い種子が並んでいる果物。
타워,名詞,タワー,塔のように高くて先端が尖っている形に造った建築物。
타이,名詞,タイ。ネクタイ,主としてスーツを着る時、ワイシャツの襟もとに巻いて正面で結ぶ細長い布。
태권도,名詞,テコンドー【跆拳道】,韓国の伝統武術に基づいた格技で、拳と足などを用いて蹴り、突き、防ぎなどの技で攻撃と防御をするスポーツ競技。
태도,名詞,たいど【態度】。しせい【姿勢】,身体の動きや物事に対する心が表に現れた姿勢。
태풍,名詞,たいふう【台風】,主に7月から9月にかけて太平洋から韓国や日本などのアジア大陸の東部に向かって近づいてくる、激しい暴風雨を伴う風。
터미널,名詞,ターミナル,飛行機・汽車・バスなどの交通路線が集中している、主に最初の駅か終着駅。
테니스,名詞,テニス。ていきゅう【庭球】,ネットを挟んでラケットでボールを打ち合うスポーツ競技。
테니스장,名詞,テニスコート。ていきゅうじょう【庭球場】,テニスをする競技場。
테이블,名詞,テーブル,支える脚があり、上が平らで物を置くことができる机状の家具。
토끼,名詞,うさぎ【兎】,耳が長く、後肢が前肢より発達して、しっぽは短い動物。
토마토,名詞,トマト,球状のこぶしサイズの実で、緑色で熟すと赤くなる野菜。
토요일,名詞,どようび【土曜日】。どよう【土曜】,月曜日を基準とした１週間の6日目。
퇴근,名詞,たいきん【退勤】,職場で勤務が終わって、勤め先から退出すること。
퇴원,名詞,たいいん【退院】,一定期間入院して治療を受けていた患者が、病院から出ること。
투피스,名詞,ツーピース,上着とスカートが同じ布で作られて一組になっている婦人服。
튀김,名詞,てんぷら【天ぷら】。あげもの【揚げ物】。フライ。フリッター,魚・肉・野菜などに小麦粉の衣をつけ、油で揚げたもの。
트럭,名詞,トラック,貨物を運搬する自動車。
티,名詞,ティーシャツ,T字型の半袖のシャツ。
티브이,名詞,テレビ。テレビジョン,放送局が電波で送る映像と音声を受信して、画面に映し出す機械。
티셔츠,名詞,ティーシャツ,T字型の半袖のシャツ。
티켓,名詞,チケット,入場券や乗車券などの切符。
파,名詞,ねぎ【葱】,中空で細長い葉の先端はとがり、独特な匂いや味を持っていて薬味としてよく使う野菜。
파란색,名詞,あおいろ【青色】。あおいいろ【青い色】。ブルー,晴れた空や澄んだ海のような色。
파인애플,名詞,パイナップル,熱帯・亜熱帯で栽培され、中が黄色で甘い味がする松かさ状の果実。
파티,名詞,パーティー,社交のための、または何かを記念するための宴会や集まり。
패키지,名詞,パッケージ,包んで郵便で送る物品。
포도,名詞,ぶどう【葡萄】,甘酸っぱい味の、小さい実が房状になる紫色の果物。
포장,名詞,ほうそう【包装】。ラッピング,物品を包んだり、荷造りしたりすること。また、そのときに用いる材料。
표,名詞,きっぷ【切符】。けん【券】。チケット,権利があることを証明する紙片。
프라이팬,名詞,フライパン,炒め物・揚げ物などに用いる、浅くて底が平らで柄のついた鍋。
프로그램,名詞,プログラム,ある行事の進行計画や順序を記したもの。または、その行事の細目。
피,名詞,ち【血】。けつえき【血液】,人や動物の体内の血管を循環しながら酸素と栄養を供給し、老廃物を運ぶ赤い液体。
피곤,名詞,つかれ【疲れ】。ひろう【疲労】。くたびれ【草臥れ】,心身が疲れていて辛いこと。
피시,名詞,PC。パーソナルコンピューター。パソコン,家庭や仕事場で、個人の使用を目的に作られたコンピューター。
피시방,名詞,インターネットカフェ。ネットカフェ,店内に設置されているパソコンを有料で利用できる施設。
피아노,名詞,ピアノ,黒と白の鍵盤を指で叩いたり押したりして音を出す大きな楽器。
하늘,名詞,てん【天】。そら【空】,地上に無限に広がる空間。
하늘색,名詞,そらいろ【空色】,青と白の中間の色で、晴れた空のような色。
하루,名詞,いちにち【一日】,午前零時から午後12時までの24時間。
하숙비,名詞,げしゅくだい【下宿代】,人の家で生活するのにかかる部屋代・食費などの費用。
하숙집,名詞,げしゅく【下宿】。げしゅくや【下宿屋】,一定の金額を払って生活する家。
하얀색,名詞,しろいろ・はくしょく【白色】,雪や牛乳のような色。
하이킹,名詞,ハイキング,心身を鍛えるために、また、観光のために歩いて旅をすること。
해,名詞,ひ【日】。たいよう【太陽】,太陽系の中心にあって、温度が非常に高くて自ら光を放つ恒星。
해외,名詞,かいがい【海外】。がいこく【外国】,自分の国ではない、よその国。
해외여행,名詞,かいがいりょこう【海外旅行】,外国へ旅行すること。また、その旅行。
허리,名詞,こし【腰】,人や動物の身体で肋骨の下から尻骨までの部分。
혀,名詞,した【舌】。べろ,人間や動物の口腔底にある、長くて赤い肉。
호랑이,名詞,とら【虎】,黄褐色の体に黒色の横縞があって、他の動物を捕食する図体の大きい動物。
호수,名詞,みずうみ【湖】,土で囲まれ、池より大きく深いもの。
호텔,名詞,ホテル,施設が完備されていて、規模の大きい高級宿泊施設。
화,名詞,いかり【怒り】。いきどおり【憤り】。はらだち【腹立ち】,不機嫌になったり怒ったりする感情。
화가,名詞,がか【画家】。えかき【絵かき】,絵を専門的に描く人。
화요일,名詞,かようび【火曜日】,月曜日を基準にした一週間の2日目。
화장실,名詞,けしょうしつ【化粧室】。おてあらい【お手洗い】。トイレ,大便や小便ができる施設を設けた場所。
화장품,名詞,けしょうひん【化粧品】,きれいに飾るために、または肌を手入れするために顔に塗るもの。
회,名詞,さしみ【刺身】,肉や魚などを生のまま薄く切って食べる料理。
회사,名詞,かいしゃ【会社】,商行為などを通した営利を目的に多数の人が集まって設立した社団法人。
회사원,名詞,かいしゃいん【会社員】,会社に属して働く人。
회색,名詞,はいいろ【灰色】,黒と白の中間で、灰の色のような色。
회원,名詞,かいいん【会員】,ある会の構成員。
회의,名詞,かいぎ【会議】,何人ものの人が集まって議論すること。また、その会合。
후배,名詞,こうはい【後輩】,同じ分野で、自分より遅く仕事を始めた人。
휴가,名詞,きゅうか【休暇】,職場や軍隊などの団体に属している人が一定の期間、仕事先から離れて休みを取ること。また、その期間。
휴게실,名詞,きゅうけいしつ【休憩室】,しばらく立ち寄って休めるように設けた部屋。
휴대폰,名詞,けいたいでんわ【携帯電話】。けいたい【携帯】。ケータイ,持ち歩きながら使用できる、小型の無線電話機。
휴일,名詞,きゅうじつ【休日】,日曜日や祝日などのような、仕事をせずに休む日。
휴지,名詞,かみくず【紙くず】,使い道のない紙。
휴지통,名詞,くずいれ【屑入れ】。くずかご【屑篭】,使い物にならない紙やゴミなどを捨てる器や籠。
희망,名詞,きぼう【希望】。のぞみ【望み】,将来よいことがあると期待して望むこと。
가까이,名詞/副詞,ちかく【近く】。きんじょ【近所】 | ちかく【近く】,遠くなく、近い所。 | 距離が遠くなく。
가장,名詞/副詞,かちょう【家長】 | もっとも【最も】。いちばん【一番】。なによりも【何よりも】,一家を代表し、責任を持つ人。主に一家の成人男性。 | 他のどれよりもまさるさま。
거의,名詞/副詞,ほとんど。ほぼ。おおよそ【大凡】。だいたい【大体】 | ほとんど,"全部から少し足りない程度。
 | 全部ではなく、やや足らずに。"
계속,名詞/副詞,"けいぞく【継続】
 | つづけて【続けて】","絶えることなく続けていくこと。
 | 途切れずに続けて。"
그저께,名詞/副詞,おととい・いっさくじつ【一昨日】 | おととい【一昨日】,昨日の前日。二日前。 | 昨日の前日。二日前に。
내일,名詞/副詞,"あした・あす・みょうにち【明日】
 | あした【明日】","今日の次の日。
 | 今日の翌日に。"
다,名詞/副詞,"すべて【全て】。ぜんぶ【全部】。みんな。みな【皆】
 | ぜんぶ【全部】。すべて【全て】。みな【皆】。のこらず【残らず】。もれなく","残すものなく、漏れなく全て。
 | 残ったり、漏れたものがなく、全て。"
대부분,名詞/副詞,だいぶぶん【大部分】。たいはん【大半】。かはん【過半】 | たいはん【大半】。ほとんど【殆ど】。おおかた【大方】。だいぶぶん【大部分】,"半分をはるかに超え、全体に近い数や量。
 | 半分を大きく上回って全体に近い程度に。"
매년,名詞/副詞,まいとし・まいねん【毎年】 | まいとし・まいねん【毎年】。としごと【年毎】,としごと。 | 年ごとに。
매달,名詞/副詞,"まいつき・まいげつ【毎月】
 | まいつき・まいげつ【毎月】。つきごと【月毎】",ひとつきひとつき。 | それぞれの月ごとに。
매일,名詞/副詞,まいにち【毎日】 | まいにち【毎日】,日ごと。 | 一日も欠かさず。
매주,名詞/副詞,まいしゅう【毎週】 | まいしゅう【毎週】。しゅうごと【週毎】。かくしゅう【各週】,週ごと。 | それぞれの週ごとに。
모두,名詞/副詞,みな・みんな【皆】 | みんな。みな【皆】。すべて,残ったり、抜けたりすることのない全体。 | 欠如なしに全部。
모레,名詞/副詞,"あさって【明後日】
 | あさって【明後日】",明日の次の日。 | 明日の次の日に。
보통,名詞/副詞,"ふつう【普通】。なみ【並み】。へいぼん【平凡】。ちゅうかん【中間】
 | ふつう【普通】。だいたい【大体】","よく目にするため、特別でなく平凡である。また、勝っても劣ってもいず、中間ぐらい。
 | 一般的に。または、頻繁に。"
사실,名詞/副詞,じじつ【事実】。ほんとう【本当】 | じじつ【事実】。じつは【実は】,"実際にあったことや現在起きていること。
 | 実際に。"
서로,名詞/副詞,たがい【互い】。そうほう【双方】 | たがいに【互いに】。そうほうともに【双方ともに】。そうごに【相互に】,対を成したり相対する関係にある相手。 | 関係する二者以上の対象がそれぞれの相手に対して。
스스로,名詞/副詞,"みずから【自ら】
 | みずから【自ら】","自分自身。
 | 他人の力を借りずに、自分の力で。"
아까,名詞/副詞,さっき。さきほど【先程】。すこしまえ【少し前】 | さっき【先】。さきほど【先程】。せんこく【先刻】,今から少し前の時。 | 少し前に。
어제,名詞/副詞,"きのう・さくじつ【昨日】
 | きのう【昨日】","今日より1日前の日。
 | 今日の一日前の日に。"
오늘,名詞/副詞,きょう【今日】。ほんじつ【本日】 | きょう【今日】。ほんじつ【本日】,今過ごしているこの日。 | 今過ごしているこの日に。
이제,名詞/副詞,いま【今】 | ただいま【只今・唯今】,言っている瞬間。 | 言っている瞬間に。
제일,名詞/副詞,だいいち【第一】。いちばん【一番】 | いちばん【一番】。もっとも【最も】,最も大切なこと。 | 多くの中で最高に。
조금,名詞/副詞,すこし【少し】。わずか【僅か・纔か】。ちょっと【一寸・鳥渡】 | すこし【少し】。わずか【僅か・纔か】。ちょっと【一寸・鳥渡】,少ない分量や少ない程度。 | 分量や程度が少ないさま。
지금,名詞/副詞,いま【今】。ただいま【ただ今】	 | いま【今】。ただいま【ただ今】,"話をしているこの瞬間。または即時に。
 | 話をしているこの瞬間。"
하나,名詞/数詞,ひとつ【一つ】。いちがん【一丸】 | ひとつ【一つ】。いち【一・壱】,"志、心、考えなどが一致したりまとまったりすること。
 | 数字を数えるときの最初の数。"
가지,名詞/依存名詞,ナス【茄子】 | しゅるい【種類】。しゅ【種】,"紫黒色の長い円筒模様で、煮ておかずとして食べる実。また、その実が開花する草。
 | 物の種類を数える語。"
개,名詞/依存名詞,"いぬ【犬】
 | こ【個】","臭覚や聴覚が鋭く、利口で人に良くなつくため、狩りやペットの目的で飼う動物。
 | 個々になっているものを数える単位。"
거리,名詞/依存名詞,"まち【街・町】。とおり【通り】
 | たね【種】","人や車が行き交う道。
 | 内容となるにふさわしい対象や材料。"
노트,名詞/依存名詞,ノート | ノット,文字を書いたり、絵が描けるように白紙や線のある紙を束ねた本。 | 船舶の進む速度を表す語。
배,名詞/依存名詞,はら【腹】。ふくぶ【腹部】 | ふね【船】 | なし【梨】 | はい【杯】,"人間や動物の体で、胸の下から脚の上までの部分。 | 人や荷物をのせて水上を行き来する交通機関。

 | 皮は黄色くて果実は白く、水分が多くて甘みのある、秋に収穫する丸い果物。 | 酒類や飲料の入った杯を数える単位。"
수,名詞/依存名詞,すい【水】。すいよう【水曜】。すいようび【水曜日】 | て【手】,"ある事を行うための能力、またはある事態が起こる可能性。
 | 月曜日を基準にした一週の第3日。 | 囲碁や将棋で交代で一回ずつ石や駒を動かす回数を数える単位。"
시,名詞/依存名詞,"し【市】 | じ【時】 | し【詩】
 | じ【時】","都市を中心とする地方公共団体。 | 人が生まれた時刻。 | 書き手の思いと気持ちをリズムのある形式で表現した文学作品。
 | 一日を24に分けた時、そのうち一つを表す時間の単位。"
시간,名詞/依存名詞,"じかん【時間】
 | じかん【時間】","ある時から別の時までの間。
 | 一日の24分の1にあたる時間を表す単位。"
주일,名詞/依存名詞,しゅう【週】。しゅうじつ【週日】 | ちゅうにち【駐日】 | しゅう【週】。しゅうかん【週間】,月曜日から日曜日までの7日間。 | 日本に駐在すること。 | 月曜日から日曜日までの7日を数える単位。
초,名詞/依存名詞,す【酢】 | はじめ【初め】。しょき【初期】 | びょう【秒】,"原料を醗酵させて作る、酸味のする液体調味料。
 | ある期間の初めや初期。 | 時間で、1分の60分の1を表す単位。"
가끔,副詞,たまに,稀に1回ずつ。
가득,副詞,いっぱい【一杯】。いっぱいに【一杯に】。ぎっしり。ぎっしりと。なみなみ。なみなみと,何かの数量が決められた範囲に詰まっている様子。
그냥,副詞,そのまま,何もせず、そのまま。
그래서,副詞,,前の内容が後ろの内容の原因、または根拠、条件などになる時に用いる語。
그러나,副詞,しかし,前の内容と後ろの内容が互いに反対になる時に用いる語。
그러니까,副詞,それゆえ【それ故】,そのような理由で。または、そんなわけで。
그러면,副詞,だったら,前の内容が後ろの内容の条件になる時に用いる語。
그러므로,副詞,だから,前の内容が後ろの内容の理由や原因、根拠になる時に使う語。
그런데,副詞,しかし,話題を前の内容と関連づけて他の方向に変える時に用いる語。
그렇지만,副詞,しかし,先に話した内容と対立する内容を表し、それが事実であるけれども。
그리고,副詞,そして,前の内容に続いて後ろの内容を単純に並べる時に用いる語。
그만,副詞,ここまで,もうこのぐらいまで。
깨끗이,副詞,きれいに,よごれがなく。
너무,副詞,あまりに,一定の程度や限界をはるかに超えた状態で。
다시,副詞,また【又】。ふたたび【再び】。もういちど【もう一度】。さらに,同じ言葉や行動を繰り返してまた。
더,副詞,もっと。ますます。いっそう【一層】。さらに,付け加えられて続くさま。
더욱,副詞,もっと。なお。いっそう【一層】。さらに【更に】,程度がいっそうひどく。もっと大きく。
드디어,副詞,とうとう。ついに。けっきょく【結局】。いよいよ,待っていた物事がしまいに。結局は。
따로,副詞,べつに【別に】。べっとに【別途に】,他の物事と一緒であったり混ざったりしないように。
또,副詞,また。ふたたび【再び】。もういちど【もう一度】。あらためて【改めて】,ある出来事や行動がもう一度。
또는,副詞,それとも。または。あるいは,それでなければ。
매우,副詞,とても。たいへん【大変】。ずいぶん【随分】。ひじょうに【非常に】,普通よりずっと。
무척,副詞,とても。ひじょうに【非常に】。たいへん【大変】,他のことと比べものにならないほど。
미리,副詞,あらかじめ【予め】。まえもって【前もって】,何かが始まる前に。
바로,副詞,まっすぐに【真っ直ぐに】。いっちょくせんに【一直線に】,曲がったり歪んだりせずまっすぐに。
새로,副詞,あたらしく【新しく】。あらたに【新たに】,以前にはなかったものが初めて。
아마,副詞,たぶん【多分】。おそらく【恐らく】,はっきりは言えないが、推測したり考えてみたりした時、そうなる可能性が高く。
아무리,副詞,いくら【幾ら】。どんなに,程度が甚だしく。
아주,副詞,ひじょうに【非常に】。とても。たいへん【大変】,普通の程度をはるかに超えた状態で。
아직,副詞,まだ【未だ】,あることや状態になるまでにさらに時間がかかるべきことを表す語。また、あることや状態が終わらずに続くことを表す語。
어서,副詞,はやく【早く】。さあ,仕事や行動を急ぐように促す語。
오래,副詞,ながく【長く】。ながいあいだ【長い間】,長い時間の間。
왜,副詞,なぜ【何故】。どうして。なんで【何で】,どういう理由で。また、何ゆえ。
왜냐하면,副詞,なぜなら【何故なら】。なぜならば【何故ならば】。なぜかというと【何故かというと】。どうしてかというと,どうしてかといえば。
이따가,副詞,あとで【後で】。のちほど【後程】,少し後。
이미,副詞,すでに【既に・已に】。もう,あることが行われた時が今より先。
자꾸,副詞,しきりに【頻りに】。ひっきりなしに【引っ切り無しに】,何度も繰り返して。
자세히,副詞,くわしく【詳しく・委しく・精しく】。しょうさいに【詳細に】,細かいところまで具体的で分明に。
자주,副詞,よく【良く・能く・善く】。たびたび【度度】。しょっちゅう,同じことが繰り返される間隔が短いさま。
조금씩,副詞,すこしずつ【少しずつ】。じょじょに【徐徐に】,わずかな程度で続くさま。
조용히,副詞,しずかに【静かに・閑かに】。ものしずかに【物静かに】。ひっそりと,物音がしないさま。
주로,副詞,おもに【主に】,基本や中心となるさま。
하지만,副詞,しかし。だけれども。だけれど。だけど,相反する内容の二つの文をつなげるときに用いる語。
해마다,副詞,まいとし・まいねん【毎年】,年ごとに。
두셋,数詞,にさん【二三】,二つか三つくらいになる数。
서넛,数詞,さんよん【三四】,3か4ぐらいにあたる数。
스물,数詞,にじゅう【二十】,10の2倍にあたる数。
개월,依存名詞,かげつ【ヶ月】,月数を数える単位。
거,依存名詞,もの【物】,ある物事や現象、または事実。
그램,依存名詞,グラム,重量の単位。
그루,依存名詞,ほん【本】。かぶ【株】,樹木を数える単位。
대,依存名詞,だい【台】,車・飛行機・楽器・機械などを数える単位。
때문,依存名詞,ため【為】。せい【所為】,物事の原因や理由。
마리,依存名詞,ひき【匹】。とう【頭】。わ【羽】。お【尾】,獣・魚・虫などを数える単位。
미터,依存名詞,メートル,長さの単位。
씨,依存名詞,し【氏】。さん,その人を高めて呼んだり指していう語。
지,依存名詞,,ある事柄の起きた時から今までの期間を表す語。
호,依存名詞,ごう【号】,順序や順番を表す語。
호선,依存名詞,ごうせん【号線】,地下鉄の各路線を意味する語。
여-,接辞,じょ【女】,「女子」という意を付加する接頭辞。
누가,品詞なし,だれが【誰が】,「누구가」の縮約形。
가깝다,形容詞,ちかい【近い】,ある地点から遠く離れていない。
가늘다,形容詞,ほそい【細い】,物の幅が狭い、または太くなく長い。
가볍다,形容詞,かるい【軽い】,重量が少ない。
게으르다,形容詞,ぶしょうだ【不精だ】。ものぐさだ,行動がのろく、身体を動かしたり仕事をするのを面倒くさがる。
고맙다,形容詞,ありがたい【有難い】,他人が自分に何かしてくれたことに対して、嬉しく恩返ししたいと思う。
고프다,形容詞,すく【空く】。へる【減る】,空腹で食べ物がほしい。
귀엽다,形容詞,かわいい【可愛い】,見た目がきれいで、愛らしい。
귀찮다,形容詞,めんどうだ【面倒だ】,嫌で、厄介だ。
그렇다,形容詞,そのとおりだ,状態、形、性質などがそれと同じである。
그립다,形容詞,なつかしい【懐かしい】,とても会いたい。
기쁘다,形容詞,うれしい【嬉しい】,愉快で楽しい。
까맣다,形容詞,まっくろい【真っ黒い】,明かりがまったくない夜空のように濃い黒。
깨끗하다,形容詞,きれいだ【綺麗だ】,よごれがなく清潔だ。
나쁘다,形容詞,わるい【悪い】,よくない。
노랗다,形容詞,きいろい【黄色い】,色がバナナやレモンのようだ。
느리다,形容詞,おそい【遅い】,ある行動をするのに長く時間がかかる。
다르다,形容詞,ことなる【異なる】。ちがう【違う】。そういする【相違する】,二つの対象が同じでない。
다양하다,形容詞,たようだ【多様だ】。さまざまだ【様様だ】,色、形、種類、内容などがいろいろと多い。
더럽다,形容詞,きたない【汚い】。きたならしい【汚らしい】,垢や汚れなどがついていて清潔でなく小汚い。
두껍다,形容詞,あつい【厚い】,平たい物の両方の面の隔たりが大きい。
따듯하다,形容詞,あたたかい【暖かい】,暑すぎず、程よい気温である。
따뜻하다,形容詞,あたたかい【暖かい】,暑すぎず、程よい気温である。
뜨겁다,形容詞,あつい【熱い】,ものの温度が高い。
무겁다,形容詞,おもい【重い】,目方が多い。
무섭다,形容詞,こわい【恐い・怖い】。おそろしい【恐ろしい】,何かに近づきたくなかったり何かが起こりそうで不安である。
미안하다,形容詞,すまない【済まない】。もうしわけない【申し訳ない】,間違いをおかして、心が安らかでなく恥ずかしい。
바쁘다,形容詞,いそがしい【忙しい】。せわしい【忙しい】,すべきことが多かったり時間がなかったりして、他のことをする余裕がない。
부끄럽다,形容詞,はずかしい【恥ずかしい】。てれくさい【照れ臭い】,気恥ずかしく思ったりはにかんだりする。
부드럽다,形容詞,やわらかい【柔らかい】。なめらかだ【滑らかだ】,肌触りがざらざらしていなくて柔らかい。
부럽다,形容詞,うらやましい【羨ましい】,他人の状態や所有物を見て、自分もそうありたいとかそれを手に入れたいと願う気持ちがある。
부족하다,形容詞,たりない【足りない】。ふそくする【不足する】。ものたりない【物足りない】,必要な量や基準に足りないか、十分でない。
부지런하다,形容詞,きんべんだ【勤勉だ】。まじめだ【真面目だ】。まめまめしい【忠実忠実しい】,怠けなく、地道に努力する性向である。
비슷하다,形容詞,にている【似ている】。にかよっている【似通っている】,二つ以上の大きさ・模様・状態・性質などが全く同じではないが似た部分が多い。
비싸다,形容詞,たかい【高い】。こうかだ【高価だ】,商品の値段や何かをするのにかかる費用が普通より高い。
빠르다,形容詞,はやい【速い】,ある動作をするのにかかる時間が短い。
새롭다,形容詞,あたらしい【新しい】,今までのものと違ったり今までにない。
세다,形容詞,つよい【強い】,力が大きい。
소중하다,形容詞,たいせつだ【大切だ】。だいじだ【大事だ】,非常に貴重である。
시끄럽다,形容詞,うるさい。さわがしい【騒がしい】。そうぞうしい【騒々しい】,聞きたくないくらい物音が大きくてやかましい。
시다,形容詞,すっぱい【酸っぱい】。すい【酸い】,酢の味がする。
시원하다,形容詞,すずしい【涼しい】,暑くも寒くもなく、ほどよく冷ややかである。
아니다,形容詞,ではない,ある事実や内容を否定する意味を表す語。
아름답다,形容詞,うつくしい【美しい】。うるわしい【麗しい】,見える対象や声、色などが目と耳に楽しさや満足感を与えるくらいである。
아프다,形容詞,いたい【痛い】。びょうきになる【病気になる】。いたむ【痛む】,怪我をしたり病気になったりして、痛みや苦しみを覚える。
어둡다,形容詞,くらい【暗い】,光が無いか弱くて、明るくない。
어떠하다,形容詞,どうだ。どんな,考え、感じ、状態、都合などがどういうふうになっている。
어떻다,形容詞,どうだ,考え、感じ、状態、都合などがどういうふうになっている。
어렵다,形容詞,むずかしい【難しい】,行うのが複雑だったり、困難だったりする。
어리다,形容詞,おさない【幼い】,年齢が低い。
예쁘다,形容詞,きれいだ【綺麗だ・奇麗だ】。かわいい【可愛い】,目に見て心地よいほど美しい。
오래되다,形容詞,ひさしい【久しい】。ふるい【古い】,何かが始まったり出来てから長い時間が経っている。
외롭다,形容詞,さびしい【寂しい】。こころぼそい【心細い】,一人になったり頼るところがなくて寂しい。
위험하다,形容詞,きけんだ【危険だ】。あぶない【危ない】,損害や怪我の恐れがあるほど安全ではない。
유명하다,形容詞,ゆうめいだ【有名だ】,世間に名が広く知られている。
이렇다,形容詞,こうだ,状態・模様・性質などがこのようである。
이르다,形容詞,はやい【早い】,基準になる時期より前である。
이상하다,形容詞,いじょうだ【異常だ】。おかしい。へんだ【変だ】,正常でない。
재미없다,形容詞,おもしろくない【面白くない】。つまらない【詰まらない】,楽しくて愉快な感じがない。
재미있다,形容詞,おもしろい【面白い】。おもしろおかしい【面白おかしい】。おかしい【可笑しい】,楽しくて愉快な気持である。
재밌다,形容詞,おもしろい【面白い】。おもしろおかしい【面白おかしい】。おかしい【可笑しい】,楽しくて愉快な気持である。
저렇다,形容詞,ああだ,性質・形・状態などがあのようである。
조용하다,形容詞,しずかだ【静かだ・閑かだ】。ものしずかだ【物静かだ】。ひっそりとする,物音がしない。
죄송하다,形容詞,もうしわけない【申し訳ない・申訳ない】,罪を犯したかのように、たいへんすまない。
지루하다,形容詞,たいくつだ【退屈だ】。たいくつする【退屈する】。あきあきする【飽き飽きする】,同じ状態が続いて嫌になり、つまらなく感じる。
짜다,形容詞,しおからい【塩辛い】。しょっぱい。からい【辛い】,塩のような味がする。
차갑다,形容詞,つめたい【冷たい】。ひえている【冷えている】。ひえびえしている【冷え冷えしている】,肌に触る感覚が冷たい。
파랗다,形容詞,あおい【青い】,晴れた空や澄んだ海のように、明るくて鮮やかに青い。
푸르다,形容詞,あおい【青い】。あおあおとする【青青とする】,晴れた秋空や深い海、生き生きとした草の色ように、明るくて鮮やかだ。
피곤하다,形容詞,つかれる【疲れる】,心身が疲れていて辛い。
하얗다,形容詞,しろい【白い】,雪や牛乳のように、明るくて鮮明に白い。
화려하다,形容詞,はでだ【派手だ】,艶やかで美しく、キラキラしてきれいだ。
흐리다,形容詞,ぼんやりする,記憶や考えなどがはっきりしない。
겨울 방학,名詞（句）,ふゆやすみ【冬休み】。とうききゅうぎょう【冬季休業】。とうききゅうか【冬季休暇】,冬の一番寒い時期に学校の授業をしばらく休みにすること。また、その期間。
계좌 번호,名詞（句）,こうざばんごう【口座番号】,金融機関が顧客の口座ごとに与えた固有の番号。
교통 카드,名詞（句）,こうつうカード【交通カード】,バスや地下鉄などの公共交通機関などを利用する場合、料金を払うために使うカード。
교회 음악,名詞（句）,きょうかいおんがく【教会音楽】。キリストきょうおんがく【キリスト教音楽】,キリスト教で歌われ、演奏されるすべての音楽。
노트북 컴퓨터,名詞（句）,ノートブックパソコン。ノートパソコン。ノートPC。ノートがたPC【ノート型PC】。ノートがたコンピュータ【ノート型コンピュータ】。ノートがたパソコン【ノート型パソコン】,携帯して使用できるように小型・軽量に作った個人用コンピュータ。
데스크톱 컴퓨터,名詞（句）,デスクトップパソコン。デスクトップPC,個人の机の上に備え置いて使用する用途で作られたパーソナルコンピュータ。
버스 정류장,名詞（句）,バスてい【バス停】。バスていりょうじょ【バス停留所】。バスストップ,バスが客の乗り降りのためにとまる一定の場所。
버스 카드,名詞（句）,バスカード。バスこうつうカード【バス交通カード】,バスの運賃を払うときに使われるカード。
사진 기자,名詞（句）,しゃしんきしゃ【写真記者】。カメラマン,新聞社や雑誌社などで報道写真を専門に撮る記者。
세계 지도,名詞（句）,せかいちず【世界地図】,世界を描いた地図。
여자 고등학교,名詞（句）,じょしこうとうがっこう【女子高等学校】。じょしこうこう【女子高校】。じょしこう【女子高】,女子学生だけ通っている高等学校。
여자 대학,名詞（句）,じょしだいがく【女子大学】。じょしだい【女子大】,女子学生だけ通っている大学。
여자 중학교,名詞（句）,じょしちゅうがっこう【女子中学校】。じょしちゅう【女子中】,女子学生だけ通っている中学校。
여자 친구,名詞（句）,かのじょ【彼女】。ガールフレンド,恋人関係にある女性の友人。
외국 영화,名詞（句）,がいこくえいが【外国映画】,他国で製作された映画。
외국인 등록증,名詞（句）,がいこくじんとうろくしょう【外国人登録証】,ある国の中に一定期間以上滞在する外国人に発給される身分証明書。
우편 번호,名詞（句）,ゆうびんばんごう【郵便番号】,郵便物の効率的な分類のために地域ごとにつけられた番号。
우편 요금,名詞（句）,ゆうびんりょうきん【郵便料金】,郵便物の差出人や受取人が郵便局に納付する料金。
체크 카드,名詞（句）,デビットカード,商品やサービスを購入した代金が預金口座の残高内で支払われるカード。
피 검사,名詞（句）,けつえきけんさ【血液検査】,血液を採って血液型または病気の有無などを調べる検査。
해외 관광,名詞（句）,かいがいかんこう【海外観光】,外国に行って、その国の風景・風習・文物などを見物すること。
휴대 전화,名詞（句）,けいたいでんわ【携帯電話】。けいたい【携帯】。ケータイ,持ち歩きながら使用できる、小型の無線電話機。
