word,pos,meaning,definition,target_code
가게,명사,みせ【店】。しょうてん【商店】,小規模で品物を並べて売る店。,17287
가겟집,명사,みせ【店】。てんぽ【店舗】。しょうてん【商店】。ストア,"店を開いて商売をする場所。
",15032
가격,명사,かかく【価格】。ねだん【値段】。ねうち【値打ち】。プライス,"品物の価値を金で表したもの。
",62450
가격표,명사,かかくひょう【価格表】,商品の値段やサービスの価格が見やすいように書いておく表。,27761
가구,명사,かぐ【家具】,家の中で使われるベッドやクロゼット、食卓などのような器具。,62492
가구점,명사,かぐや【家具屋】。かぐてん【家具店】,"家具を売る店。
",28042
가까워지다,동사,ちかづく【近付く】。ちかくなる【近くなる】,ある場所から他の場所までの距離が短くなる。,59888
가까이,명사,ちかく【近く】。きんじょ【近所】,遠くなく、近い所。,62493
가까이,부사,"ちかく【近く】
","距離が遠くなく。
",62494
가까이하다,동사,したしむ【親しむ】。ちかよる【近寄る】,親しくする。,28056
가깝다,형용사,ちかい【近い】,ある地点から遠く離れていない。,65200
가끔,부사,"たまに
","稀に1回ずつ。
",65204
가늘다,형용사,ほそい【細い】,物の幅が狭い、または太くなく長い。,62497
가다,동사,ゆく・いく【行く】。うつる【移る】,ある場所から他の場所へ移動する。,27500
가득,부사,いっぱい【一杯】。いっぱいに【一杯に】。ぎっしり。ぎっしりと。なみなみ。なみなみと,何かの数量が決められた範囲に詰まっている様子。,62661
가루비누,명사,こなせっけん【粉石けん】,"洗濯をするとき使う粉状態の石鹸。
",15176
가루약,명사,こぐすり・こなぐすり【粉薬】,"粉状態の薬。
",15179
가르치다,동사,おしえる【教える】,知識や技術などを説明して習得させる。,62255
가리키다,동사,さす【指す】。しめす【示す】,指や物をある方向や対象に向けて、それを知らせる。,17882
가방,명사,かばん。バッグ,何かを中に入れて手でさげたり肩にかけたりできるように作られた携帯用具。,18259
가벼워지다,동사,かるくなる【軽くなる】,軽い状態になる。,91176
가볍다,형용사,かるい【軽い】,重量が少ない。,26788
가수,명사,"かしゅ【歌手】。うたいて【歌い手】
","歌を歌うことを職業とする人。
",62256
가슴,명사,むね【胸】。きょうぶ【胸部】,人間や動物の首と腹の間にある、体の前面の部分。,62908
가요,명사,かよう【歌謡】。うた【歌】,"大勢の人が好んで歌う歌。
",63794
가운데,명사,"なか【中】。ちゅうおう【中央】。ちゅうかん【中間】
","ある空間や事物の全ての端からほぼ同距離に離れている部分。真ん中。
",44486
가위,명사,"はさみ【鋏】
","紙や布、髪の毛などを切る道具。
",63801
가위바위보,명사,じゃんけん。じゃんけんぽん。じゃんけんぽい,互いに手を差し出し、指の出し方で順位や勝負などを決めること。,16347
가위질하다,동사,はさみをいれる【はさみを入れる】。はさみできる【はさみで切る】,はさみで切ったり、切り取る。,16353
가을,명사,あき【秋】,"四季の一つで、夏と冬の間の季節。
",32204
가을날,명사,あきのひ【秋の日】。あき【秋】。しゅうじつ【秋日】,秋の1日。または秋の天気。,16357
가을바람,명사,あきかぜ【秋風】,秋に吹く爽やかで涼しい風。,16350
가을밤,명사,しゅうや【秋夜】,秋の夜。,16351
가을비,명사,しゅうう・あきさめ【秋雨】,秋に降る雨。,16370
가이드,명사,"ガイド
","観光や旅行などで案内役を務める人。
",63804
가장,명사,かちょう【家長】,一家を代表し、責任を持つ人。主に一家の成人男性。,15145
가장,부사,もっとも【最も】。いちばん【一番】。なによりも【何よりも】,他のどれよりもまさるさま。,26795
가전,명사,かでん【家電】,家庭で使う電気器具。,25829
가져가다,동사,もっていく【持っていく】。はこぶ【運ぶ】,あるものをある場所から他の場所へ移していく。,53811
가져오다,동사,もってくる【持ってくる】。はこぶ【運ぶ】,あるものをある場所から他の場所へ移してくる。,53818
가족,명사,かぞく【家族】,一家で共同生活をし、夫婦やその子供、兄弟などの関係で構成された集団。また、その構成員。,44487
가족사진,명사,かぞくしゃしん【家族写真】,家族で一緒に撮った写真。,601296
가지,명사,ナス【茄子】,"紫黒色の長い円筒模様で、煮ておかずとして食べる実。また、その実が開花する草。
",63806
가지,의존 명사,しゅるい【種類】。しゅ【種】,物の種類を数える語。,59921
가지다,동사,もつ【持つ】。たずさえる【携える】,何かを手に握ったり、身に付けたりする。,65234
가지다,보조 동사,て	,"前の言葉の表す行動の結果や状態が維持されるという意を表す「補助動詞」。
",61191
개,명사,"いぬ【犬】
","臭覚や聴覚が鋭く、利口で人に良くなつくため、狩りやペットの目的で飼う動物。
",64115
개,의존 명사,こ【個】,個々になっているものを数える単位。,22784
개월,의존 명사,かげつ【ヶ月】,月数を数える単位。,17304
거,의존 명사,もの【物】,ある物事や現象、または事実。,62331
거기,대명사,そこ。そちら。	,"聞き手に近い場所をさす語。
",62258
거리,명사,"まち【街・町】。とおり【通り】
","人や車が行き交う道。
",20187
거리,의존 명사,たね【種】,内容となるにふさわしい対象や材料。,64727
거실,명사,いま【居間】。リビングルーム。ちゃのま【茶の間】,"西洋式の家で、家族が集まって生活したり、お客をもてなす中心空間。
",66304
거울,명사,"かがみ【鏡】
","物体の形を映して見る、薄くて平たい道具。
",59325
거의,명사,ほとんど。ほぼ。おおよそ【大凡】。だいたい【大体】,"全部から少し足りない程度。
",88839
거의,부사,"ほとんど
","全部ではなく、やや足らずに。
",60090
거절,명사,きょぜつ【拒絶】。きょひ【拒否】。ことわり【断わり】。えんりょ【遠慮】,人からの頼みや提案、贈り物などを受け入れないこと。,20468
거절되다,동사,きょぜつされる【拒絶される】。きょひされる【拒否される】。ことわられる【断られる】。えんりょされる【遠慮される】 ,頼みや提案、贈り物などが受け入れられない。 ,20475
거절하다,동사,きょぜつする【拒絶する】。きょひする【拒否する】。ことわる【断る】。えんりょする【遠慮する】 ,人からの頼みや提案、贈り物などを受け入れない。 ,15847
거짓말,명사,"うそ【嘘】。いつわり【偽り】
","事実でないことを事実であるように偽って言う言葉。
",28444
거짓말하다,동사,うそをつく【嘘を付く】。いつわる【偽る】,事実でないことを事実であるように偽って言う。,20537
게스트,명사,"ゲスト
",放送番組に招待されて出る人。,26780
게으르다,형용사,"ぶしょうだ【不精だ】。ものぐさだ
","行動がのろく、身体を動かしたり仕事をするのを面倒くさがる。

",15948
게이머,명사,ゲーマー,オンラインゲームやコンピューターゲームをする人。,28438
게임,명사,"ゲーム。あそびごと【遊びごと】
","ルールを決めて勝ち負けを決める遊び。
",57276
게임기,명사,"ゲームき【ゲーム機】
",ゲームができるように作った電子機械。,28442
게임방,명사,ゲームルーム,コンピューターゲームができるように施設を取り付けているルーム。,28445
겨울,명사,"ふゆ【冬】。とうき【冬季】
","四季の中で最も寒く、秋と春の間の季節。
",64367
겨울나무,명사,ふゆき・ふゆぎ【冬木】,冬になって葉が落ち尽くして枝だけの姿になった木。,28471
겨울날,명사,とうじつ・ふゆび【冬日】,冬の日。,28472
겨울눈,명사,ふゆめ・とうが【冬芽】,晩夏から秋に形成され、越冬した後、翌年の春に伸びる芽。,28473
겨울바람,명사,ふゆかぜ【冬風】。ふゆのかぜ【冬の風】,冬に吹く冷たい風。,28475
겨울 방학,,"ふゆやすみ【冬休み】。とうききゅうぎょう【冬季休業】。とうききゅうか【冬季休暇】
","冬の一番寒い時期に学校の授業をしばらく休みにすること。また、その期間。
",28476
겨울비,명사,ふゆさめ【冬雨】。ふゆのあめ【冬の雨】,冬に降る雨。,28477
겨울옷,명사,ふゆふく【冬服】,冬に着用する衣服。,28480
계단,명사,"かいだん【階段】
","昇り降りするため、段をずらして配列した構造物。
",23937
계란,명사,けいらん【鶏卵】。たまご【卵】。とりのこ【鳥の子】。おたま【御玉】,鶏の卵。,15355
계산,명사,"けいさん【計算】。かんじょう【勘定】
","数を数えたり、足し算・引き算・掛け算・割り算などの勘定をすること。
",26229
계산되다,동사,けいさんされる【計算される】。かんじょうされる【勘定される】,"数が数えられたり、足し算・引き算・掛け算・割り算などの勘定が行われたりする。
",26232
계산하다,동사,けいさんする【計算する】。かんじょうする【勘定する】,"数を数えたり、足し算・引き算・掛け算・割り算などの勘定をしたりする。
",62498
계속,명사,"けいぞく【継続】
","絶えることなく続けていくこと。
",17692
계속,부사,"つづけて【続けて】
","途切れずに続けて。
",17695
계속되다,동사,つづく【続く】。けいぞくする【継続する】。れんぞくする【連続する】。じぞくする【持続する】 ,"絶えることなく続いていく。
",17698
계속하다,동사,つづける【続ける】。けいぞくする【継続する】。れんぞくする【連続する】。じぞくする【持続する】,絶つことなく続けていく。,17727
계시다,동사,いらっしゃる,地位の高い人や目上の人がどこかに住んでいることを表す尊敬語。,17749
계시다,보조 동사,いらっしゃる,「いる」の尊敬語。前の言葉の表す行動を続けて行うか、その結果が続くという意を表す「補助動詞」。,61346
계절,명사,"きせつ【季節】
","1年を自然現象に従って春夏秋冬に分けた一つの時期。
",22537
계좌 번호,,こうざばんごう【口座番号】,"金融機関が顧客の口座ごとに与えた固有の番号。
",22573
계획,명사,"けいかく【計画】。プラン
",これからの事をじっくり考えて決めること。,23324
계획되다,동사,けいかくされる【計画される】,"これからの事がじっくり考えられて決められる。
",23331
계획하다,동사,けいかくする【計画する】,"これからの事をじっくり考えて決める。
",62500
고개,명사,くび【首】,うなじやのどを含めた頭の部分。,62501
고구마,명사,"サツマイモ
",表面の皮は紫や紅色、内部は黄色を帯びていて、甘い味がする、植物の塊根。,28058
고기,명사,にく【肉】,食べ物として食べる動物の肉。,31685
고등학교,명사,こうこう【高校】。こうとうがっこう【高等学校】,中学校を卒業したり、中学校を卒業した水準の学力を備えていれば入学できる学校。,23380
고등학생,명사,"こうこうせい【高校生】。こうとうがくせい【高等学生】
",高校に通う生徒。,23381
고르다,동사,えらぶ【選ぶ】。せんたくする【選択する】,"多くの中からある物を取り出す。
",19935
고맙다,형용사,ありがたい【有難い】,"他人が自分に何かしてくれたことに対して、嬉しく恩返ししたいと思う。

",20041
고모,명사,おば【叔母・伯母】,父親の姉や妹。または、その人を呼ぶ語。,20052
고모부,명사,おじ【叔父・伯父】,父親の姉や妹の夫を指したり呼ぶ語。,20055
고민,명사,"なやみ【悩み】
",心の中に悩み事があって苦しみ、思いわずらうこと。,19225
고민되다,동사,なやむ【悩む】,"心の中に悩み事があって苦しみ、思いわずらう。
",19227
고민하다,동사,なやむ【悩む】,"心の中に悩み事があって苦しみ、思いわずらう。
",19229
고속버스,명사,"こうそくバス【高速バス】
",主に高速道路を利用して遠距離を早いスピードで走行するバス。,17987
고양이,명사,ねこ【猫】,暗い所でも目がよくきいて、ネズミ捕りが上手で、家の中で飼ったりする動物。,18779
고장,명사,こしょう【故障】,機械や装置などがきちんと作動しないこと。,18856
고추,명사,とうがらし【唐辛子】,指ほどのサイズで、最初は緑色だが、実ると赤くなるからい味のする実。,18366
고추장,명사,コチュジャン,唐辛子の粉を主な材料にして作った赤色の韓国固有の薬味。,18359
고치다,동사,なおす【直す】,"壊れたり使えなくなったりしたものを役に立つようにする。
",18381
고프다,형용사,すく【空く】。へる【減る】,"空腹で食べ物がほしい。

",18396
고향,명사,ふるさと・こきょう【故郷】。きょうり【郷里】。くに【国】,生まれ育った土地。,27364
과거,명사,"かこ【過去】。むかし【昔】
","過ぎ去った時。
",27244
과일,명사,くだもの・かぶつ【果物】。フルーツ,りんご・梨・ブドウ・栗の実など、木の枝や幹に実る、食べられる果実。,18264
과일나무,명사,くだもののき【果物の木】。かじゅ【果樹】,果実を収穫するために栽培する木。,18272
과일주,명사,かじつしゅ【果実酒】,果物を材料に造った酒。,18274
과자,명사,かし【菓子】,小麦粉や米の粉などに牛乳、砂糖などを入れてこね、焼いたり揚げたりした間食。,18286
교과서,명사,きょうかしょ【教科書】,学校である科目を教える目的で作った本。,28629
교사,명사,きょうし【教師】,幼稚園、小学校、中学校、高校などで、資格を持って生徒を教える人。,24037
교수,명사,きょうじゅ【教授】,学問や技術などを教える行為。またはその方法。,31684
교실,명사,"きょうしつ【教室】
","幼稚園・小学校・中学校・高校で、教師が生徒を教える部屋。
",64472
교육,명사,きょういく【教育】,個人の能力を育てるため、知識・教養・技術などを教えること。,55289
교육되다,동사,きょういくされる【教育される】,"知識・教養・技術などを教わって能力が高まる。
",32476
교육하다,동사,きょういくする【教育する】,"個人の能力を育てるため、知識・教養・技術などを教える。 
",35126
교통,명사,"こうつう【交通】。つうこう【通行】
","自動車・汽車・船・飛行機などの乗り物を利用して人や物資が行き来すること。
",64469
교통비,명사,こうつうひ【交通費】。うんちん【運賃】。のりちん【乗り賃】,交通機関を利用するのにかかる費用。,35967
교통사고,명사,"こうつうじこ【交通事故】
",自動車や汽車などが他の交通機関と衝突したり歩行者を跳ねたりして起こる事故。,35968
교통 카드,,こうつうカード【交通カード】	,"バスや地下鉄などの公共交通機関などを利用する場合、料金を払うために使うカード。
",36003
교환,명사,こうかん【交換】,何かを別のものと取り替えること。,37628
교환되다,동사,こうかんされる【交換される】,"何かが別のものと取り替えられる。
",43494
교환하다,동사,こうかんする【交換する】,"何かを別のものと取り替える。
",24078
교회,명사,"きょうかい【教会】
",イエスキリストを救世主として信奉する人々の共同体。また、その人々が集まって活動する場所。,64370
교회 음악,,きょうかいおんがく【教会音楽】。キリストきょうおんがく【キリスト教音楽】	,"キリスト教で歌われ、演奏されるすべての音楽。
",37636
구,명사,く【句】,2つ以上の単語が集まって文の一部分をなす言葉の単位。,37645
구,명사,"く【区】
","特別市・広域市および人口50万以上の大都市の洞の上の行政区域単位。
",24085
구,수사,きゅう・く【九】	,"8に1を足した数。
",34882
구,관형사,きゅう【九】,9の。,34898
구경,명사,"けんぶつ【見物】
","興味や関心を持って見ること。
",64484
구경하다,동사,けんぶつする【見物する】,"興味や関心を持って見る。 
",62355
구두,명사,くつ【靴】,スーツを着る時に履く革やビニールなどで作られた履き物。,26805
구름,명사,くも【雲】,空気中の小さい水滴や氷晶が白や灰色で集まって、空中に浮かんでいるもの。,64487
구십,수사,きゅうじゅう・くじゅう【九十】	,"10の9倍になる数。
",28637
구십,관형사,きゅうじゅうの【九十の】	,"九十になるさま。
",89598
구월,명사,くがつ【九月】,"1年12ケ月の中で9番目の月。
",20190
귀,명사,"みみ【耳】
","人や動物の頭部の左右にあって、音を聞く身体の一部分。
",60201
귀걸이,명사,みみかざり【耳飾り】。イヤリング。ピアス,耳につける装身具。,38146
귀고리,명사,みみかざり【耳飾り】。イヤリング。ピアス,耳につける装身具。,38158
귀여워하다,동사,かわいがる【可愛がる】,"自分より幼い人や動物を可愛いと思ってやさしく扱う。
",38317
귀엽다,형용사,かわいい【可愛い】,見た目がきれいで、愛らしい。,38323
귀찮다,형용사,めんどうだ【面倒だ】,嫌で、厄介だ。,37050
규칙,명사,きそく【規則】,多くの人が守るように決めておいた法則。,35269
그,대명사,かれ【彼】,話し手や聞き手を除いた人をさす語。,62250
그,관형사,その	,"空間的に聞き手に近い人や物、または聞き手が考えている対象をさすときに使う語。
",43883
그거,대명사,それ,"聞き手に近いものや、聞き手が考えているものをさす語。
",62251
그것,대명사,"それ
","聞き手に近いものや、聞き手が考えているものをさす語。
",31953
그곳,대명사,そこ	,"聞き手に近い場所をさす語。
",17207
그날,명사,そのひ【その日】,"前で言った日。
",36674
그냥,부사,"そのまま
","何もせず、そのまま。
",36241
그다음,명사,そのつぎ【その次】。そのあと･そのご【その後】,"あるものに続いてくる時や場所、順番。
",36250
그담,명사,そのつぎ【その次】。そのあと･そのご【その後】,"あるものに続いてくる時や場所、順番。
",36253
그대로,명사,そのまま,それ自体。,93615
그동안,명사,そのあいだ・そのかん【その間】。あいま【合間】,"すでに話した分だけの期間。また、再び会ったり連絡するまでの一定の期間。
",60236
그때,명사,そのとき【その時】。そのじき【その時期】,"前述のある時。
",29683
그래,감탄사,そう,「そうする。そうである。わかった」などという肯定の返事をする時にいう語。,27656
그래서,부사,,"前の内容が後ろの内容の原因、または根拠、条件などになる時に用いる語。
",61169
그램,의존 명사,グラム,重量の単位。,36267
그러나,부사,"しかし
","前の内容と後ろの内容が互いに反対になる時に用いる語。
",62263
그러니까,부사,それゆえ【それ故】,そのような理由で。または、そんなわけで。,58609
그러면,부사,"だったら
","前の内容が後ろの内容の条件になる時に用いる語。
",58276
그러므로,부사,"だから
","前の内容が後ろの内容の理由や原因、根拠になる時に使う語。
",36276
그런,관형사,そんな。そのような。そうした。そういう	,"状態・模様・性質などがそのようなさま。
",60341
그런데,부사,"しかし
","話題を前の内容と関連づけて他の方向に変える時に用いる語。
",70717
그럼,부사,"それなら。ならば
","前の内容が後ろの内容の条件になる時に用いる語。
",60346
그럼,감탄사,そうだとも。そうとも。もちろん。たしかに【確かに】,言うまでもなく当然だという意味で答える時にいう語。,62277
그렇다,형용사,そのとおりだ,状態、形、性質などがそれと同じである。,61178
그렇지만,부사,"しかし
","先に話した内容と対立する内容を表し、それが事実であるけれども。
",70718
그루,의존 명사,ほん【本】。かぶ【株】,樹木を数える単位。,36296
그릇,명사,"うつわ【器】。しょっき【食器】。いれもの【入れ物】
","食べ物を盛る道具。
",31674
그리고,부사,"そして
","前の内容に続いて後ろの内容を単純に並べる時に用いる語。
",62240
그리기,명사,"えかき【絵描き・絵書き】。かいが【絵画】
",絵をかくこと。,36303
그리다,동사,かく・えがく【描く】,"鉛筆や筆などを利用して、線や色で物を表す。
",57277
그림,명사,え【絵】。かいが【絵画】,線や色彩で事物の模様やイメージなどを平面上に表したもの。,29687
그림엽서,명사,えはがき【絵葉書】,"片面に絵や写真があるはがき。
",30713
그림일기,명사,えにっき【絵日記】,主に子供が書く、絵や文章で表す日記。,30717
그립다,형용사,なつかしい【懐かしい】,とても会いたい。,37070
그만,부사,ここまで,もうこのぐらいまで。,36428
그만두다,동사,やめる【止める・辞める】,"やっていることを中断する。
",62318
그분,대명사,そのかた【その方】。あのかた【あの方】,その人やあの人を深い敬意をこめていう語。,60635
그저께,명사,おととい・いっさくじつ【一昨日】,昨日の前日。二日前。,37078
그저께,부사,おととい【一昨日】,昨日の前日。二日前に。,65920
그쪽,대명사,そちら。そっち。そちらがわ【そちら側】。むこう【向こう】	,"聞き手に近い場所や方向をさす語。
",17206
그치다,동사,やむ【止む】。とまる【止まる】,"続いていたこと、動き、現象などが続かなくなる。
",29775
그해,명사,そのとし【その年】,"過去のある年。
",31407
기간,명사,きかん【期間】,ある一定の時から、他の一定の時に至るまでの間。,71729
기다리다,동사,まつ【待つ】,"人や時期が来たり、あることが行われたりするまで時間を過ごす。
",62264
기르다,동사,そだてる【育てる】。かう【飼う】。やしなう【養う】,"動植物に餌や養分をやって、保護して、成長させる。
",62242
기름,명사,"あぶら【油・脂・膏】
","よく燃え、水に溶けない、ぬるぬるとした液体。
",40022
기분,명사,"きぶん【気分】。きもち【気持ち】
","不快・愉快・憂鬱・怒りなど感情の状態。
",20192
기뻐하다,동사,よろこぶ【喜ぶ】,"楽しく快い気持ちになる。
",61533
기쁘다,형용사,うれしい【嬉しい】,"愉快で楽しい。

",40078
기쁨,명사,よろこび【喜び】。うれしいきもち【うれしい気持ち】,気分がとても良く、楽しい感じ。,40080
기숙사,명사,りょう【寮】。きしゅくしゃ【寄宿舎】,学校や会社で、生徒・学生や職員が寝て食事するなどの生活ができるように提供する施設。,18273
기억,명사,きおく【記憶】。おもいで【思い出】。おぼえ【覚え】,以前の姿、事実、知識、経験などを忘れなかったり、再び思い出すこと。,38812
기억나다,동사,おもいだす【思い出す】,"以前の姿、事実、知識、経験などが心や頭の中によみがえる。
",17229
기억되다,동사,きおくされる【記憶される】。おぼえられる【覚えられる】,"以前の姿、事実、知識、経験などが忘れられなかったり、再び思い出したりする。 
",32513
기억하다,동사,きおくする【記憶する】。おぼえる【覚える】,"以前の姿、事実、知識、経験などを忘れなかったり、再び思い出したりする。 
",62319
기온,명사,きおん【気温】。おんど【温度】,空気の温度。,38103
기자,명사,"きしゃ【記者】
",新聞や雑誌、放送などに載せる記事を取材して書いたり編集したりする人。,61280
기차,명사,きしゃ【汽車】。れっしゃ【列車】。でんしゃ【電車】,人や物を載せて燃料の力で鉄道の上を走る、長さの長い車。,60632
기차역,명사,きしゃのえき【汽車の駅】。えき【駅】,汽車に乗り降りする場所。,38193
기차표,명사,きしゃのきっぷ【汽車の切符】。きっぷ【切符】,汽車に乗るために金を出して買う切符。,38196
기침,명사,せき【咳】,肺からのどを通って空気が荒い音を出しながら急に出ること。,38465
기침감기,명사,せきかぜ【咳風邪】,咳のひどい風邪。,23863
기침하다,동사,せきをする【咳をする】,肺からのどを通って空気が荒い音を出しながら急に出る。,38466
기타,명사,ギター,表裏が平たく、真ん中が細くて長い桶に、六つの弦を結び、指で弾いて演奏する楽器。,38467
기회,명사,"きかい【機会】。チャンス
","何かするのに最も都合のいい時機や場合。
",73494
까만색,명사,くろ【黒】。こくしょく【黒色】,光がない時の夜空や墨のような色。,32548
까맣다,형용사,まっくろい【真っ黒い】,明かりがまったくない夜空のように濃い黒。,64358
깨끗이,부사,きれいに,よごれがなく。,61076
깨끗하다,형용사,きれいだ【綺麗だ】,"よごれがなく清潔だ。
",60323
깨다,동사,さめる【覚める】,"酔っている状態などから、意識のはっきりした状態に戻る。
",62332
꺼내다,동사,だす【出す】。とりだす【取り出す】。もちだす【持ち出す】,"中にある物を外に移す。
",62265
꾸다,동사,みる【見る】,"寝ている間、夢の中で実際のように見て、聞いて、感じる。
",62352
끄다,동사,けす【消す】,"燃えている火をなくならせる。
",73443
끼다,동사,はさむ【挟む】。さしこむ【差し込む】。はめる【填める】,"物と物との間に何かを入れて落ちないようにする。
",61097
나,대명사,わたし【私】。ぼく【僕】。おれ【俺】。じぶん【自分】	,"話し手が友人や目下の人に対し、自分をさす語。
",60931
나가다,동사,でる【出る】,"ある地域や空間の中から外へ移動する。
",71456
나누다,동사,わける【分ける】。わる【割る】。ぶんかつする【分割する】,"一つにまとまっている物をいくつかの部分にする。
",29749
나다,동사,できる【出来る】。はえる【生える】,"皮膚の表面や地上に出て来る。
",62210
나라,명사,こっか【国家】,一定の領土、主権を持っている人々の社会的な組織。,29699
나머지,명사,"あまり【余り】。よぶん【余分】。のこり【残り】。よじょう【余剰】
","ある量を満たした後、余った分。
",59230
나무,명사,き【木・樹】。じゅもく【樹木】,しっかりした幹に枝と葉がついた、数年間にわたって育つ植物。,32750
나쁘다,형용사,わるい【悪い】,よくない。,26816
나오다,동사,でる【出る】,"中から外へ移動する。
",62233
나이,명사,"とし【年・歳】。ねんれい【年齢】。よわい【齢】
","人や動植物などが生まれてから生きてきた年数。
",60486
나중,명사,"あと・のち【後】。のちほど【後程】
","一定の時間が過ぎた後。
",62275
나타나다,동사,あらわれる【現れる】,"見えなかった物の姿が見えるようになる。
",62286
나흘,명사,"よっか【四日】。よっかかん【四日間】
","日数が四つ。
",16315
내,대명사,わたし【私】。ぼく【僕】。おれ【俺】。じぶん【自分】,一人称代名詞「나」に主格助詞「가」があとにつく場合の形。,41385
내과,명사,ないか【内科】,主に薬品で内蔵器官の疾病を治療する医学分野。また、その分野の病医院。,28417
내년,명사,らいねん【来年】。よくねん【翌年】。みょうねん【明年】。つぎとし【次年】,"今年のすぐ次の年。
",64517
내다,동사,とおす【通す】。ひらく【開く】。つくる【作る】,"道や通路、窓などができるようにする。
",89906
내려가다,동사,おりる【下りる】。くだる【下る】,"上から下へ行く。
",63723
내려오다,동사,おりる【下りる】。くだる【下る】,"高い所から低い所へ、また上から下へ来る。
",64559
내리다,동사,ふる【降る】,"雪や雨などが落ちて来る。
",73353
내용,명사,"ないよう【内容】。なかみ【中身】
","器・箱などの中に入っているもの。
",72573
내일,명사,"あした・あす・みょうにち【明日】
","今日の次の日。
",30193
내일,부사,"あした【明日】
","今日の翌日に。
",30194
내일모레,명사,"あさって・みょうごにち【明後日】
","明日の次の日。
",39894
너,대명사,おまえ【お前】。きみ【君】	,"聞き手が友人か目下の人である場合、その聞き手をさす語。
",64390
너무,부사,あまりに,一定の程度や限界をはるかに超えた状態で。,28183
너희,대명사,おまえたち【お前たち】。きみたち【君たち】。おまえら【お前等】。きみら【君等】,"聞き手が複数の友人か目下の人たちである場合、その聞き手をさす語。
",61180
네,대명사,おまえ【お前】。きみ【君】,二人称代名詞「너」に主格助詞「가」があとにつく場合の形。,89180
네,관형사,よっつの【四つの】	,"四つの。
",64556
네,감탄사,はい　,目上の人の呼びかけに答える時にいう語。,17294
네,품사 없음,あなたの。きみの【君の】。おまえの【お前の】	,"｢너의｣の縮約形。 
",84427
네거리,명사,じゅうじろ【十字路】。よつかど【四つ角】。こうさてん【交差点】,道が一ヵ所で四つの方向に分かれたところ。,41416
네다섯,수사,よっつかいつつ【四つか五つ】	,"四つか五つくらいの数。
",87362
네다섯,관형사,しご【四五】,"4か5ぐらいの。四つか五つぐらいの。

",88337
네발,명사,よつあし【四つ足】。しそく【四足】,動物や事物にぶら下がっている4本の足。,20513
노란색,명사,きいろ【黄色】。イエロー,"ひよこやバナナと同じ色。
",17234
노랗다,형용사,きいろい【黄色い】,色がバナナやレモンのようだ。,40101
노래,명사,うた【歌・唄】。かきょく【歌曲】,歌詞のある音楽。また、音楽を声に出して歌うこと。,20195
노래방,명사,カラオケ,歌詞を見ながら歌えるように音楽機械を備えておいた場所。 ,40105
노래자랑,명사,のどじまん【喉自慢】,大勢の人が集まったところで、誰が歌をよりうまく歌えるかを競争しながら楽しむこと。,40106
노래하다,동사,うたう【歌う】,歌詞のある音楽を声に出して歌う。,64513
노력,명사,どりょく【努力】。とりくみ【取組】。じんりょく【尽力】,"ある目的を成し遂げるために力を尽くして励むこと。
",62400
노력하다,동사,どりょくする【努力する】。とりくむ【取り組む】。じんりょくする【尽力する】,"ある目的を成し遂げるために力を尽くして励む。
",64375
노인,명사,おとしより【お年寄り】。ろうじん【老人】。シルバー。こうれいしゃ【高齢者】,"年をとって老いた人。
",63641
노트,명사,ノート,文字を書いたり、絵が描けるように白紙や線のある紙を束ねた本。,32788
노트,의존 명사,ノット,船舶の進む速度を表す語。,42924
노트북 컴퓨터,,ノートブックパソコン。ノートパソコン。ノートPC。ノートがたPC【ノート型PC】。ノートがたコンピュータ【ノート型コンピュータ】。ノートがたパソコン【ノート型パソコン】	,"携帯して使用できるように小型・軽量に作った個人用コンピュータ。
",42922
누가,품사 없음,だれが【誰が】	,"「누구가」の縮約形。
",90165
누구,대명사,だれ【誰】	,"知らない人をさす語。
",62078
누나,명사,あね【姉】,男の人がきょうだいや親戚のきょうだいのうち、自分より年上の女の人を指したり呼ぶ語。,32205
누르다,동사,おす【押す】。おさえる【押さえる・圧さえる】,"物の全体や部分に上から力を加える。
",72239
뉴스,명사,ニュース,新しい情報を伝える放送。,32795
느끼다,동사,かんずる【感ずる】。おぼえる【覚える】,"鼻や肌などの感覚器官で刺激を受け取る。
",64376
느낌,명사,かんじ【感じ】。きもち【気持ち】。おもい【思い】,体や心から起こる気運や感情。,61166
느리다,형용사,おそい【遅い】,ある行動をするのに長く時間がかかる。,23143
다,명사,"すべて【全て】。ぜんぶ【全部】。みんな。みな【皆】
","残すものなく、漏れなく全て。
",58175
다,부사,"ぜんぶ【全部】。すべて【全て】。みな【皆】。のこらず【残らず】。もれなく
","残ったり、漏れたものがなく、全て。
",58176
다녀오다,동사,いってくる【行って来る】,"ある所に行って帰ってくる。
",64529
다니다,동사,かよう【通う】,"あるところに何度も出入りする。
",29702
다르다,형용사,"ことなる【異なる】。ちがう【違う】。そういする【相違する】
","二つの対象が同じでない。
",26824
다른,관형사,"ほかの【他の】。べつの【別の】
","当該すること以外の。
",64530
다리,명사,あし【足・脚】,人間や動物の胴体の下について、立ったり歩いたり走ったりする機能を行う身体部位。,62840
다리,명사,はし【橋】。きょうりょう【橋梁】,川・海・道・谷などを渡れるように、両端をつないで作った施設。,28826
다섯,수사,ご【五】。いつつ【五つ】,"四つに一つを足した数。
",58111
다섯,관형사,"ご【五】。いつつ【五つ】
","四に一を足した数の。
",58112
다섯째,명사,"いつつめ【五つ目】
","最初から数えて5番目になること。
",90895
다섯째,수사,いつつめ【五つ目】。ごばんめ【五番目】	,"順番の5番目。
",26826
다섯째,관형사,いつつめの【五つ目の】。ごばんめの【五番目の】	,"最初から数えて5番目になるさま。
",60624
다시,부사,また【又】。ふたたび【再び】。もういちど【もう一度】。さらに,同じ言葉や行動を繰り返してまた。,62539
다양하다,형용사,"たようだ【多様だ】。さまざまだ【様様だ】
","色、形、種類、内容などがいろいろと多い。

",40558
다음,명사,"つぎ【次】
","ある順序のすぐ後。
",64531
다음날,명사,つぎのひ【次の日】。またのひ【またの日】。よくじつ【翌日】。べつのひ【別の日】。ごじつ【後日】,定まっていない将来のある日。,90896
다이어트,명사,ダイエット,健康または美容上、食べ物の種類や量を調節して摂ること。,28352
다치다,동사,きずつく【傷付く】。けがする【怪我する】。ふしょうする【負傷する】,"ぶつかったり殴られたりして体や体の一部に傷を負う。また、傷を負わせる。
",73400
다하다,동사,つきる【尽きる】,"全部使ってしまったり続かなくなったりする。
",61526
대,의존 명사,だい【台】	,"車・飛行機・楽器・機械などを数える単位。
",40639
대답,명사,こたえ【答え】。へんとう【返答】。へんじ【返事】,"呼びかけに対して言葉で応じること。また、その言葉。
",64540
대답하다,동사,こたえる【答える】。へんとうする【返答する】。へんじする【返事する】,"呼びかけに対して言葉で応じる。
",85938
대부분,명사,だいぶぶん【大部分】。たいはん【大半】。かはん【過半】,"半分をはるかに超え、全体に近い数や量。
",62394
대부분,부사,たいはん【大半】。ほとんど【殆ど】。おおかた【大方】。だいぶぶん【大部分】	,"半分を大きく上回って全体に近い程度に。
",62395
대사관,명사,たいしかん【大使館】,大使を中心に、一国を代表して他の国で外交業務を行う国の機関。,27805
대학,명사,"だいがく【大学】
","高校を終えて進学する高等教育機関。
",61281
대학교,명사,だいがく【大学】,高校を卒業してから進学する教育機関。また、その機関が入っている建物や施設。,66319
대학생,명사,がくせい【学生】。だいがくせい【大学生】,大学に通う学生。,66320
대학원,명사,だいがくいん【大学院】,大学を卒業した人が専門的な教育を受けて研究をする機関。,66290
대학원생,명사,だいがくいんせい【大学院生】。いんせい【院生】,大学院に通う学生。,46980
대화,명사,たいわ【対話】。はなし【話】。かいわ【会話】。おしゃべり【御喋り】,向かい合って話し合うこと。また、その話。,64562
대화하다,동사,たいわする【対話する】。はなす【話す】。かいわする【会話する】。おしゃべりする【御喋りする】,"向かい合って話し合う。
",62376
대회,명사,"たいかい【大会】
","多くの人が集る会合や会議。
",61306
더,부사,"もっと。ますます。いっそう【一層】。さらに
","付け加えられて続くさま。
",26829
더럽다,형용사,きたない【汚い】。きたならしい【汚らしい】	,"垢や汚れなどがついていて清潔でなく小汚い。
",47384
더욱,부사,もっと。なお。いっそう【一層】。さらに【更に】	,"程度がいっそうひどく。もっと大きく。
",14369
더워지다,동사,あつくなる【暑くなる】。あつくなる【熱くなる】。ねっする【熱する】,"温度が上がる。また、それによってあつさを感じる。
",47398
데려가다,동사,つれていく【連れて行く】,"連れて一緒に行く。
",64541
데려오다,동사,つれてくる【連れて来る】,"連れて一緒に来る。
",14379
데스크톱 컴퓨터,,デスクトップパソコン。デスクトップPC	,"個人の机の上に備え置いて使用する用途で作られたパーソナルコンピュータ。
",90482
데이트,명사,デート,男女が付き合うために会うこと。,14381
데이트하다,동사,デートする,"男女が付き合うために会う。 
",90688
도,명사,"どうとく【道徳】。どうり【道理】
","人間なら守ってしかるべき道徳。
",14744
도로,명사,どうろ【道路】,人や車が通えるように設けられた道。,47886
도서관,명사,としょかん【図書館】,本や資料などを多く集めておいて、人々が借りて読んだり勉強できるようにした施設。,40295
도시,명사,とし【都市】,政治、経済、文化の中心となり、人々が多く住む地域。,70743
도시하다,동사,ずしする【図示する】,"絵や図表で示す。
",47606
도와주다,동사,たすける【助ける】。てつだう【手伝う】。てだすけする【手助けする】。サポートする,"他人の仕事に力を貸す。
",70744
도움,명사,たすけ【助け】。じょりょく【助力】,他人を助けること。,64542
도착,명사,とうちゃく【到着】,目的地に行きつくこと。,64543
도착하다,동사,とうちゃくする【到着する】。つく【着く】,"目的地に行きつく。 
",70745
돼지,명사,"ぶた【豚】
","太っていて、脚と尾が短く、目が小さい、肉を食べるために飼う家畜。
",62269
돼지고기,명사,ぶたにく【豚肉】,食べ物として食べる豚の肉。,89811
되다,동사,なる,新たな身分や地位を持つ。,89858
두,관형사,"に【二】。ふたつ【二つ】
","二つの。
",71458
두껍다,형용사,あつい【厚い】,平たい物の両方の面の隔たりが大きい。,48277
두다,동사,"おく【置く】
","ある場所にとどめる。
",67470
두부,명사,とうふ【豆腐】,大豆を砕いて作った白くて柔らかい食べ物。,45275
두세,관형사,にさん【二三】。ふたつみっつ【二つ三つ】	,2か3ぐらいの。二つか三つぐらいの。,71459
두셋,수사,"にさん【二三】
",二つか三つくらいになる数。,46805
두통,명사,ずつう【頭痛】,頭が痛む症状。,48344
뒤,명사,うしろ【後ろ】。こうほう【後方】,向かっている方向の反対側。,67477
뒤쪽,명사,うしろ【後ろ】。こうほう【後方】,向かっている方向の反対側。,66947
드디어,부사,とうとう。ついに。けっきょく【結局】。いよいよ,待っていた物事がしまいに。結局は。,15026
드라마,명사,"ドラマ
","劇場で公演されたり、テレビなどで放送される劇。
",61389
드리다,동사,さしあげる【差し上げる】,「与える」の謙譲語。何かを誰かに渡して持たせたり使わせたりする。,61168
드리다,보조 동사,あげる。さしあげる。お/ご-する,前の言葉が表す行動が他人の行動に影響することを表す謙譲語。,59252
디자인,명사,デザイン,衣装・工業製品・建築など、実用的な目的を持った作品の設計や図案。,54448
디자인하다,동사,デザインする,"衣装・工業製品・建築など、実用的な目的を持った作品を設計したり図案を描いたりする。 
",54449
따듯하다,형용사,あたたかい【暖かい】,"暑すぎず、程よい気温である。
",49657
따뜻하다,형용사,あたたかい【暖かい】,"暑すぎず、程よい気温である。
",57297
따로,부사,べつに【別に】。べっとに【別途に】	,"他の物事と一緒であったり混ざったりしないように。
",49672
때,명사,"とき【時】。じこく【時刻】
","時間のある瞬間や部分。
",74123
때문,의존 명사,ため【為】。せい【所為】,"物事の原因や理由。
",64555
떠나다,동사,さる【去る】。いく【行く】,"現在いるところから他のところに移って行く。
",53746
떠들다,동사,さわぐ【騒ぐ】,"大声でうるさく言う。
",64655
또,부사,また。ふたたび【再び】。もういちど【もう一度】。あらためて【改めて】	,"ある出来事や行動がもう一度。
",51887
또는,부사,それとも。または。あるいは	,"それでなければ。
",52121
뛰다,동사,"はしる【走る】。かける【駆ける】
","足を素早く動かして前へ進む。
",74124
뛰어가다,동사,はしっていく【走って行く】。かける【駆ける】。かけよる【駆け寄る】。かけつける【駆付ける】。とんでいく【飛んで行く】,"どこかに速く走って行く。
",14439
뜨겁다,형용사,あつい【熱い】,ものの温度が高い。,66027
뜨다,동사,"あける【開ける】
","閉じていた目を開く。
",62313
라디오,명사,ラジオ,放送局で、音声を電波で発信し、受信装置を持った人々が聞くようにすること。また、その放送。,66029
라면,명사,インスタントラーメン。そくせきラーメン【即席ラーメン】,油で揚げた麺塊と粉末スープが入っていて熱湯に入れて煮るだけで簡単に食べられる料理。,62270
레몬,명사,レモン,酸味が強く、匂いがすっぱい、楕円形の黄色い実。,52276
레스토랑,명사,レストラン,西洋の料理を売る食堂。,52573
로비,명사,"ロビー
","ホテルや劇場などで、応接室や通路を兼ねた広い空間。
",52520
로션,명사,ローション　,肌をしっとりと柔らかくするために塗る、濃い液状の基礎化粧品。,52519
