word,pos,meaning,definition,target_codes
가게,名詞,みせ【店】。しょうてん【商店】,小規模で品物を並べて売る店。,17287
가겟집,名詞,みせ【店】。てんぽ【店舗】。しょうてん【商店】。ストア,"店を開いて商売をする場所。
",15032
가격,名詞,かかく【価格】。ねだん【値段】。ねうち【値打ち】。プライス,"品物の価値を金で表したもの。
",62450
가격표,名詞,かかくひょう【価格表】,商品の値段やサービスの価格が見やすいように書いておく表。,27761
가구,名詞,かぐ【家具】,家の中で使われるベッドやクロゼット、食卓などのような器具。,62492
가구점,名詞,かぐや【家具屋】。かぐてん【家具店】,"家具を売る店。
",28042
가까워지다,動詞,ちかづく【近付く】。ちかくなる【近くなる】,ある場所から他の場所までの距離が短くなる。,59888
가까이,副詞/名詞,"ちかく【近く】。きんじょ【近所】 | ちかく【近く】
","遠くなく、近い所。 | 距離が遠くなく。
","62493,62494"
가까이하다,動詞,したしむ【親しむ】。ちかよる【近寄る】,親しくする。,28056
가깝다,形容詞,ちかい【近い】,ある地点から遠く離れていない。,65200
가끔,副詞,"たまに
","稀に1回ずつ。
",65204
가늘다,形容詞,ほそい【細い】,物の幅が狭い、または太くなく長い。,62497
가다,動詞,ゆく・いく【行く】。うつる【移る】,ある場所から他の場所へ移動する。,27500
각각,副詞/名詞,それぞれ。おのおの | それぞれ,多くのものを一つずつ離した一つ一つのもの。 | 一つ一つ、別々に。,"29229,29233"
간단하다,形容詞,かんたんだ【簡単だ】,長くない、または複雑でなない。,70702
간단히,副詞,かんたんに【簡単に】,物事が長くならないように。または、複雑でないように。 ,16200
간식,名詞,"かんしょく【間食】。あいだぐい【間食い】。おやつ【お八つ】
","食事と食事の間に食べるちょっとした食べ物。
",70703
간장,名詞,カンジャン,料理の塩加減をするのに使う、塩っぱい味の黒い液体。,70704
갈비,名詞,カルビ。ばらにく【ばら肉】,料理の材料に使われる牛、豚、鶏などのあばら骨とそこに付いている肉。また、それで作った料理。,57275
갈색,名詞,ちゃいろ【茶色】。ブラウン。かっしょく【褐色】,黒色とオレンジ色の中間の色で、乾いた木の葉のような色。,14752
갈아입다,動詞,きがえる【着替える】,着ていた服を脱いで、別の服に替えて着る。,53830
갈아타다,動詞,のりかえる【乗り換える】,乗っていたものから降りて、別のものに換えて乗る。,15437
감,名詞,かき【柿】,"丸かったり、平たく丸みのある模様で、熟す前は渋いが、熟すと甘い味がするだいだい色の果物。
",70707
감기,名詞,かぜ【風邪】。かんぼう【感冒】,一般的に咳・鼻水・頭痛・悪寒などの症状がある、伝染性のある疾病。,28635
감기약,名詞,かぜぐすり【風邪薬】。かんぼうやく【感冒薬】,風邪を治療するのに用いる薬。,17216
감다,動詞,とじる【閉じる】。つぶる・つむる【瞑る】 | あらう【洗う】,まぶたで目を覆う。 | 髪や体を水で洗う。,"45747,17220"
감사,名詞,かんしゃ【感謝】,ありがたいと思うこと。また、その気持ち。,46944
감사하다,動詞/形容詞,かんしゃする【感謝する】 | かんしゃする【感謝する】,ありがたいと思う。 | ありがたい気持ちがある。,"71728,63820"
감상,名詞,かんそう【感想】,物事について心に感じたことや思ったこと。,14239
갑자기,副詞,"きゅうに【急に】
","考える間もなくいきなり。
",26797
값,名詞,"ね【値】。ねだん【値段】。かかく【価格】
","売買する物に一定につけられた金額。
",20178
강,依存名詞/名詞,"かわ【河・川】。たいが【大河】。かせん【河川】
 | きょう【強】","海に入り込む広くて長い水の流れ。
 | 一定の範囲内に入る強者。","30203,600479"
강냉이,名詞,とうもろこし,茎が高くて葉は長く、ひげのような花が咲き、粒が細かい実のなる植物。,17535
갖다,動詞/補助動詞,もつ【持つ】。たずさえる【携える】 | て	,何かを手に握ったり、身に付けたりする。 | 前の言葉の表す行動の結果や状態が維持されるという意を表す「補助動詞」。,"29738,73401"
같다,形容詞,おなじだ【同じだ】,互いに異ならない。,62076
같아지다,動詞,おなじくなる【同じくなる】。ひとしくなる【等しくなる】,同じになる。,22770
같이,副詞,"いっしょに【一緒に】・ともに【共に】
","二人以上が一緒に。
",26799
갚다,動詞,かえす【返す】。へんさいする【返済する】,借りた物を元の所有者に戻す。,15728
개,依存名詞/名詞,"いぬ【犬】
 | こ【個】","臭覚や聴覚が鋭く、利口で人に良くなつくため、狩りやペットの目的で飼う動物。
 | 個々になっているものを数える単位。","64115,22784"
거,依存名詞,もの【物】,ある物事や現象、または事実。,62331
거기,代名詞,そこ。そちら。	,"聞き手に近い場所をさす語。
",62258
거리,依存名詞/名詞,"まち【街・町】。とおり【通り】
 | たね【種】","人や車が行き交う道。
 | 内容となるにふさわしい対象や材料。","20187,64727"
걱정,名詞,"しんぱい【心配】。けねん【懸念】。ゆうりょ【憂慮】
","よくない事があるのではないかと思って、怖くて不安なこと。
",17232
걱정되다,動詞,しんぱいされる【心配される】。おもいやられる【思いやられる】,"よくないことがあるのではないかと思って、恐ろしくて不安だ。
",15866
걱정하다,動詞,しんぱいする【心配する】,"よくないことがあるのではないかと思って、恐ろしくて不安だ。
",60091
건강,名詞,けんこう【健康】,心身に異常のない丈夫な状態。,36670
건강 관리,,けんこうかんり【健康管理】	,"疾病を予防し、体を健康な状態に維持するために努力すること。
",21616
건강하다,形容詞,けんこうだ【健康だ】。げんきだ【元気だ】,"心身に異常がなく丈夫だ。

",17317
건너가다,動詞,わたる【渡る】。わたっていく【渡っていく】,"川や橋、道路などを隔ててこちらからあちらに行く。
",60092
건너다,動詞,わたる【渡る】,"何かを越えたり通り過ぎたりして向うへ移動する。
",53853
건너오다,動詞,わたる【渡る】。わたってくる【渡ってくる】,"川や橋、道路などを隔ててあちらからこちらに来る。
",54905
건너편,名詞,むかいがわ【向かい側】。むこうがわ【向こう側】,見合わせているあちらの側。,46806
건물,名詞,たてもの【建物】,住居・業務・物品の保管などの目的で造った、壁と屋根がある建造物。,28029
걷다,動詞,あるく【歩く】,"地面から足を交互に離して動きながら位置を変える。
",29667
걸다,形容詞,ひよくだ【肥沃だ】,土壌や土が肥えていて、養分が多い。,25461
걸리다,動詞,かかる【掛かる】,"ある物が落ちずにどこかにぶら下がる。
",86940
걸어가다,動詞,あるいていく【歩いていく】。あゆんでいく【歩んでいく】,"目的地に向かって、足を動かして進む。
",32042
걸어오다,動詞,あるいてくる【歩いてくる】。あゆんでくる【歩んでくる】,"目的地に向かって、足を動かして移ってくる。
",64368
걸음,名詞,"あゆみ【歩み】。ほこう【歩行】
","両足を片方づつ交互に前に出して進む動作。
",25578
검사,名詞,"けんさ【検査】
",ある出来事や対象について良し悪しや是非などを調べること。,17236
검사하다,動詞,けんさする【検査する】,"ある出来事や対象について良し悪しや是非などを調べる。 
",25239
검은색,名詞,くろいろ【黒色】,光がない時の夜空や、墨のような色。,31663
검정말,名詞,"くろげ【黒毛】
","毛色の黒い馬。
",30060
검정색,名詞,くろいろ【黒色】,光がない時の夜空や墨のような色。,15935
검정콩,名詞,くろまめ【黒豆】,皮の色が黒い豆。,30061
것,依存名詞,こと。の。もの【物】,正確に指す対象が決まってないものや事実。,62835
겉,名詞,"おもて【表】。ひょうめん【表面】。そと【外】
","裏表のある物の外側の部分。
",31329
게스트,名詞,"ゲスト
",放送番組に招待されて出る人。,26780
게으르다,形容詞,"ぶしょうだ【不精だ】。ものぐさだ
","行動がのろく、身体を動かしたり仕事をするのを面倒くさがる。

",15948
게이머,名詞,ゲーマー,オンラインゲームやコンピューターゲームをする人。,28438
게임,名詞,"ゲーム。あそびごと【遊びごと】
","ルールを決めて勝ち負けを決める遊び。
",57276
게임기,名詞,"ゲームき【ゲーム機】
",ゲームができるように作った電子機械。,28442
게임방,名詞,ゲームルーム,コンピューターゲームができるように施設を取り付けているルーム。,28445
겨울,名詞,"ふゆ【冬】。とうき【冬季】
","四季の中で最も寒く、秋と春の間の季節。
",64367
겨울 방학,,"ふゆやすみ【冬休み】。とうききゅうぎょう【冬季休業】。とうききゅうか【冬季休暇】
","冬の一番寒い時期に学校の授業をしばらく休みにすること。また、その期間。
",28476
겨울나무,名詞,ふゆき・ふゆぎ【冬木】,冬になって葉が落ち尽くして枝だけの姿になった木。,28471
겨울날,名詞,とうじつ・ふゆび【冬日】,冬の日。,28472
겨울눈,名詞,ふゆめ・とうが【冬芽】,晩夏から秋に形成され、越冬した後、翌年の春に伸びる芽。,28473
겨울바람,名詞,ふゆかぜ【冬風】。ふゆのかぜ【冬の風】,冬に吹く冷たい風。,28475
겨울비,名詞,ふゆさめ【冬雨】。ふゆのあめ【冬の雨】,冬に降る雨。,28477
겨울옷,名詞,ふゆふく【冬服】,冬に着用する衣服。,28480
결과,名詞,けっか【結果】,"あることや過程が終わった後の状態や現象。
",60093
결석,名詞,"けっせき【欠席】
",学校や会議などの公式的な場に出ないこと。,15967
결석하다,動詞,けっせきする【欠席する】,"学校や会議などの公式的な場に出ない。
",15968
결심,名詞,"けっしん【決心】
",何かをしようと強く心に決めること。また、決めた心。,15973
결심하다,動詞,けっしんする【決心する】,"何かをしようと強く心に決める。
",62358
경기,名詞,"きょうぎ【競技】
",運動や技術などの能力の優劣を互いに競うこと。,60094
경기하다,動詞,きょうぎする【競技する】,"運動や技術などの能力の優劣を互いに競う。
",32357
계단,名詞,"かいだん【階段】
","昇り降りするため、段をずらして配列した構造物。
",23937
계란,名詞,けいらん【鶏卵】。たまご【卵】。とりのこ【鳥の子】。おたま【御玉】,鶏の卵。,15355
계산,名詞,"けいさん【計算】。かんじょう【勘定】
","数を数えたり、足し算・引き算・掛け算・割り算などの勘定をすること。
",26229
계산되다,動詞,けいさんされる【計算される】。かんじょうされる【勘定される】,"数が数えられたり、足し算・引き算・掛け算・割り算などの勘定が行われたりする。
",26232
계산하다,動詞,けいさんする【計算する】。かんじょうする【勘定する】,"数を数えたり、足し算・引き算・掛け算・割り算などの勘定をしたりする。
",62498
계속,副詞/名詞,"けいぞく【継続】
 | つづけて【続けて】
","絶えることなく続けていくこと。
 | 途切れずに続けて。
","17692,17695"
계속되다,動詞,つづく【続く】。けいぞくする【継続する】。れんぞくする【連続する】。じぞくする【持続する】 ,"絶えることなく続いていく。
",17698
계속하다,動詞,つづける【続ける】。けいぞくする【継続する】。れんぞくする【連続する】。じぞくする【持続する】,絶つことなく続けていく。,17727
계시다,動詞/補助動詞,いらっしゃる | いらっしゃる,地位の高い人や目上の人がどこかに住んでいることを表す尊敬語。 | 「いる」の尊敬語。前の言葉の表す行動を続けて行うか、その結果が続くという意を表す「補助動詞」。,"17749,61346"
계절,名詞,"きせつ【季節】
","1年を自然現象に従って春夏秋冬に分けた一つの時期。
",22537
고개,名詞,くび【首】,うなじやのどを含めた頭の部分。,62501
고구마,名詞,"サツマイモ
",表面の皮は紫や紅色、内部は黄色を帯びていて、甘い味がする、植物の塊根。,28058
고기,名詞,にく【肉】,食べ物として食べる動物の肉。,31685
곧,副詞,ただちに【直ちに】。すぐ,遅滞なくすぐに。,26802
곳,名詞,ところ・しょ【所】,一定の席や地域。,18661
공,名詞,"ボール。きゅう【球】
",運動や遊びなどに使われる、手足で扱うに適当な大きさの球形の用具。,19496
과거,名詞,"かこ【過去】。むかし【昔】
","過ぎ去った時。
",27244
관계,名詞,"かんけい【関係】
","2つ以上の人・事物・現象などが互いにかかわり合うこと。また、そのかかわり合い。
",21898
관계되다,動詞,かんけいする【関係する】。かかわる【関わる・係わる】,"影響したりされたりできるようにお互いにつながっている。
",23968
관광,名詞,かんこう【観光】,他の地方や国の景色、状況、風物などを見物すること。,22128
관광객,名詞,かんこうきゃく【観光客】,観光のために旅行する人。,22426
관광지,名詞,かんこうち【観光地】,美しい景色や文化遺産などがあって観光する価値があるところ。,22397
관광하다,動詞,かんこうする【観光する】,"ある地域を訪問し、景色・状況・風物などを見物する。 
",22394
관광호텔,名詞,かんこうホテル【観光ホテル】,観光地を旅行する人が快適に泊まることができるように施設を整えた比較的大きい規模の宿泊施設。,22431
광고,名詞,"こうこく【広告】
","世間一般に広く知らせること。
",62390
광고하다,動詞,こうこくする【広告する】,"世間一般に広く知らせる。
",31490
괜찮다,形容詞,なかなかいい,かなり良い方だ。,60097
교과서,名詞,きょうかしょ【教科書】,学校である科目を教える目的で作った本。,28629
교사,名詞,きょうし【教師】,幼稚園、小学校、中学校、高校などで、資格を持って生徒を教える人。,24037
교수,名詞,きょうじゅ【教授】,学問や技術などを教える行為。またはその方法。,31684
교실,名詞,"きょうしつ【教室】
","幼稚園・小学校・中学校・高校で、教師が生徒を教える部屋。
",64472
구,冠形詞/名詞/数詞,"く【句】 | く【区】
 | きゅう・く【九】	 | きゅう【九】","2つ以上の単語が集まって文の一部分をなす言葉の単位。 | 特別市・広域市および人口50万以上の大都市の洞の上の行政区域単位。
 | 8に1を足した数。
 | 9の。","37645,24085,34882,34898"
구경,名詞,"けんぶつ【見物】
","興味や関心を持って見ること。
",64484
구경하다,動詞,けんぶつする【見物する】,"興味や関心を持って見る。 
",62355
구두,名詞,くつ【靴】,スーツを着る時に履く革やビニールなどで作られた履き物。,26805
국,名詞,"しるもの・つゆもの【汁物】。すいもの【吸い物】
","肉・魚・野菜などの材料に水をたくさん入れて煮込んだ料理。
",36778
국내,名詞,こくない【国内】,国の内。,60099
국내 여행,,"こくないりょこう【国内旅行】
","自国内の地域へ出かける旅行。
",37687
국립 공원,,こくりつこうえん【国立公園】	,"美しい自然景観を保護する価値があると認められ、国が指定して管理を行う公園。
",37696
국립 박물관,,こくりつはくぶつかん【国立博物館】,国が設立して直接管理・運営する、歴史・芸術・科学・民俗などの遺物を収集・保管・展示する場所。,37700
군인,名詞,"ぐんじん【軍人】。へいし【兵士】
",軍隊に所属し兵器を取り扱うための訓練を受けて一定の任務を担当する人。,62241
굵다,形容詞,ふとい【太い】,長い物体の周囲が太いか、または幅が広い。,89458
굽다,動詞,やく【焼く】,"火に当てて食べられるようにする。
",60102
궁금하다,形容詞,しりたい【知りたい】,何かがとても知りたい。,35136
권,依存名詞,さつ【冊】,本やノートなどを数える単位。,62537
귀,名詞,"みみ【耳】
","人や動物の頭部の左右にあって、音を聞く身体の一部分。
",60201
귀걸이,名詞,みみかざり【耳飾り】。イヤリング。ピアス,耳につける装身具。,38146
귀고리,名詞,みみかざり【耳飾り】。イヤリング。ピアス,耳につける装身具。,38158
귀여워하다,動詞,かわいがる【可愛がる】,"自分より幼い人や動物を可愛いと思ってやさしく扱う。
",38317
귀엽다,形容詞,かわいい【可愛い】,見た目がきれいで、愛らしい。,38323
귀찮다,形容詞,めんどうだ【面倒だ】,嫌で、厄介だ。,37050
규칙,名詞,きそく【規則】,多くの人が守るように決めておいた法則。,35269
귤,名詞,みかん,"みかんの木の実で、皮を向いて食べる黄色、またはだいだい色のすっぱくて甘い、丸い果物。
",37057
그,代名詞/冠形詞,かれ【彼】 | その	,"話し手や聞き手を除いた人をさす語。 | 空間的に聞き手に近い人や物、または聞き手が考えている対象をさすときに使う語。
","62250,43883"
그거,代名詞,それ,"聞き手に近いものや、聞き手が考えているものをさす語。
",62251
그것,代名詞,"それ
","聞き手に近いものや、聞き手が考えているものをさす語。
",31953
그곳,代名詞,そこ	,"聞き手に近い場所をさす語。
",17207
그날,名詞,そのひ【その日】,"前で言った日。
",36674
그냥,副詞,"そのまま
","何もせず、そのまま。
",36241
그다음,名詞,そのつぎ【その次】。そのあと･そのご【その後】,"あるものに続いてくる時や場所、順番。
",36250
그담,名詞,そのつぎ【その次】。そのあと･そのご【その後】,"あるものに続いてくる時や場所、順番。
",36253
그대로,名詞,そのまま,それ自体。,93615
그동안,名詞,そのあいだ・そのかん【その間】。あいま【合間】,"すでに話した分だけの期間。また、再び会ったり連絡するまでの一定の期間。
",60236
그때,名詞,そのとき【その時】。そのじき【その時期】,"前述のある時。
",29683
그래,感嘆詞,そう,「そうする。そうである。わかった」などという肯定の返事をする時にいう語。,27656
그래서,副詞,,"前の内容が後ろの内容の原因、または根拠、条件などになる時に用いる語。
",61169
그램,依存名詞,グラム,重量の単位。,36267
그러나,副詞,"しかし
","前の内容と後ろの内容が互いに反対になる時に用いる語。
",62263
그러니까,副詞,それゆえ【それ故】,そのような理由で。または、そんなわけで。,58609
그러면,副詞,"だったら
","前の内容が後ろの内容の条件になる時に用いる語。
",58276
그러므로,副詞,"だから
","前の内容が後ろの内容の理由や原因、根拠になる時に使う語。
",36276
그런,冠形詞,そんな。そのような。そうした。そういう	,"状態・模様・性質などがそのようなさま。
",60341
그런데,副詞,"しかし
","話題を前の内容と関連づけて他の方向に変える時に用いる語。
",70717
극장,名詞,げきじょう【劇場】。しばいごや【芝居小屋】。えいがかん【映画館】。えんぶじょう【演舞場】,演劇や音楽、舞踊などを公演したり映画を上映するための施設を備えた場所。,31667
근처,名詞,"きんじょ【近所】。ちかく【近く】。きんぺん【近辺】。ふきん【付近】
","ある場所・物・人から近いところ。
",62061
글,名詞,"ぶん【文】。ぶんしょう【文章】。ぶんしょ【文書】。ぶんがく【文学】
","考えや事柄などの内容を文字で表したもの。
",59226
글쎄,感嘆詞,さあ,相手の質問や要求に対してはっきりしない態度を示す時にいう語。,29723
글쎄요,感嘆詞,そうですね,相手の質問や要求に対してはっきりしない態度を示す時にいう語。,60633
글쓰기,名詞,さくぶん【作文】。ものかき【物書き】。しっぴつ【執筆】。ちょじゅつ【著述】。ちょさく【著作】,"考えや事実などを文章で表現すること。
",64516
글씨,名詞,じ【字】。もじ【文字】。しょ【書】,書かれた字の形。,60239
글자,名詞,"じ【字】。もじ【文字】
","言葉を書き記す記号。
",62490
금방,副詞,"いまさっき【今さっき】
","すぐ直前に。
",34764
금요일,名詞,きんようび【金曜日】,月曜日を基準にした一週の第5日。,17289
기간,名詞,きかん【期間】,ある一定の時から、他の一定の時に至るまでの間。,71729
긴장,名詞,きんちょう【緊張】,気持ちを緩めず、気を引き締めること。,43863
긴장되다,動詞,きんちょうする【緊張する】,落ち着かず気を引き締めるようになる。,32539
긴장하다,動詞,きんちょうする【緊張する】,落ち着かず気を引き締めている。,62359
길,名詞,みち【道・路】。どうろ【道路】,人や車などが通行できるように地上に一定の幅で長く続いている空間。,59251
길다,形容詞,ながい【長い】,物体の端からもう片方の端までとても離れている。,26808
길어지다,動詞,ながびく【長引く】,"長くなる。
",32540
길옆,名詞,みちばた【道端】。ろぼう【路傍】,道の両側。,26366
길이,名詞,"ながさ【長さ】。たけ【丈】
","何かの端から別の端までの距離。
",62471
김,名詞,ざっそう【雑草】 | のり【海苔】,農作物に害を与える田畑の雑草。 | 暖かくきれいな海に生える海草の一種で、四角く薄く広げて乾かした黒色の食べ物。,"45118,45119"
김치,名詞,キムチ,白菜や大根などの野菜を塩に漬けた後、薬味を混ぜて発酵させて作った食べ物。,28818
깊다,形容詞,ふかい【深い】,上から底まであるいは外から内までの距離が長い。,45157
깊이,副詞,"ふかく【深く】
","上から底まで、または表面から中までの距離がとても遠く。
",45169
까만색,名詞,くろ【黒】。こくしょく【黒色】,光がない時の夜空や墨のような色。,32548
까맣다,形容詞,まっくろい【真っ黒い】,明かりがまったくない夜空のように濃い黒。,64358
깎다,動詞,むく【剥く】,"ナイフなどの道具で物の表面や果物などの皮を薄く剥がす。
",57278
깜짝,副詞,びっくり,急に驚くさま。,37744
깨끗이,副詞,きれいに,よごれがなく。,61076
깨끗하다,形容詞,きれいだ【綺麗だ】,"よごれがなく清潔だ。
",60323
깨다,動詞,さめる【覚める】,"酔っている状態などから、意識のはっきりした状態に戻る。
",62332
꺼내다,動詞,だす【出す】。とりだす【取り出す】。もちだす【持ち出す】,"中にある物を外に移す。
",62265
껌,名詞,ガム。チューインガム,"口の中で噛みながら甘い味や風味を楽しみ吐いて捨てる食べ物。
",41635
꼭,副詞,きっちり,何が何でも必ず。,48064
꽃,名詞,"はな【花】
","特有の形や色、香りがあり、幹の端についている植物の部分。また、それが咲く植物。
",62838
꽃구경,名詞,はなみ【花見】,美しく満開した花を見て楽しむこと。,600334
꽃구경하다,動詞,はなみをする【花見をする】,美しく満開した花を見て楽しむ。,600335
꽃다발,名詞,"はなたば【花束】
",花を何本か束ねたもの。,38220
꽃병,名詞,かびん【花瓶】。はないけ【花生け】。はないれ【花入れ】,花を挿しておく瓶。,38260
꽃집,名詞,はなや【花屋】。フラワーショップ,花や草花などの植物を売る店。,38277
꾸다,動詞,みる【見る】,"寝ている間、夢の中で実際のように見て、聞いて、感じる。
",62352
꿈,名詞,ゆめ【夢】,眠っている間に、起きている時のように見て聞いて感じる精神現象。,57279
끄다,動詞,けす【消す】,"燃えている火をなくならせる。
",73443
끊다,動詞,きる【切る】。たつ【絶つ・断つ】,糸、紐、綱など、つながっている物を分け離す。,62839
끓다,動詞,わく【沸く】,"液体が非常に熱くなって気泡がのぼりはじめる。
",62282
끓이다,動詞,わかす【沸かす】,"液体を気泡がのぼるほど熱くする。
",59474
끝,名詞,"おわり【終わり】。はて【果て】。さいご【最後】
","時間における最後の時。
",48072
끝나다,動詞,おわる【終わる】。すむ【済む】,"物事が最後までなされる。
",34734
끝내다,動詞,おえる【終える】。すます【済ます】,"物事を最後までなす。
",29692
끼다,動詞,はさむ【挟む】。さしこむ【差し込む】。はめる【填める】,"物と物との間に何かを入れて落ちないようにする。
",61097
나,代名詞,わたし【私】。ぼく【僕】。おれ【俺】。じぶん【自分】	,"話し手が友人や目下の人に対し、自分をさす語。
",60931
나가다,動詞,でる【出る】,"ある地域や空間の中から外へ移動する。
",71456
나누다,動詞,わける【分ける】。わる【割る】。ぶんかつする【分割する】,"一つにまとまっている物をいくつかの部分にする。
",29749
나다,動詞,できる【出来る】。はえる【生える】,"皮膚の表面や地上に出て来る。
",62210
나라,名詞,こっか【国家】,一定の領土、主権を持っている人々の社会的な組織。,29699
나머지,名詞,"あまり【余り】。よぶん【余分】。のこり【残り】。よじょう【余剰】
","ある量を満たした後、余った分。
",59230
나무,名詞,き【木・樹】。じゅもく【樹木】,しっかりした幹に枝と葉がついた、数年間にわたって育つ植物。,32750
낚시,名詞,"つりばり【釣り針】
","魚釣りに用いる先の尖った小さい道具。
",56098
낚시하다,動詞,さかなつりをする【魚釣りをする】,"魚釣り用の道具を使って、魚を釣る。 
",56998
날,名詞,"ひ【日】。ひにち【日日】
","夜12時から翌晩12時までの24時間。
",62254
날다,動詞,とぶ【飛ぶ】,空中に浮いた状態で、ある位置から他の位置に動く。,61530
날씨,名詞,てんき【天気】。きこう【気候】。てんこう【天候】。そらもよう【空模様】,その日その日の気温や空気中の雨、雲、風、霧などが発生する状態。,60630
날씬하다,形容詞,すらりとしている,スタイルがちょうど良いくらいに細くて長い。,40854
날짜,名詞,"ひにち【日にち】。にっすう【日数】
","日の数。
",58157
남,名詞,ひと【人】。たにん【他人】,自分ではなく、他の人。,28394
남-,接辞,"だんし【男子】。おとこの【男の】
","「男」の意を付加する接頭辞。

",73346
남기다,動詞,のこす【残す】。とりのこす【取り残す】。あます【余す】,"使い切らず、残るようにする。
",64371
남녀,名詞,だんじょ・なんにょ【男女】,男と女。,60628
남다,動詞,のこる【残る】。あまる【余る】,"使いきれず、残りが出る。
",64552
남동생,名詞,おとうと【弟】,年下の男性の兄弟。,26820
남산,名詞,ナムサン【南山】,ソウル特別市の中(チュン)区と龍山(ヨンサン)区の間に位置する山。,25261
남성,名詞,だんせい【男性】,出産できない性。また、その性を持つ大人になった人。,28806
남자,名詞,"おとこ【男】。だんし【男子】。だんせい【男性】
","男性として生まれた人。
",60865
남자 친구,,かれし【彼氏】。ボーイフレンド,恋人関係にある男性の友人。,37348
남자아이,名詞,だんじ【男児】,男の子。,92470
남쪽,名詞,みなみ【南】。みなみがわ【南側】,東西南北四つの方位の一つで、羅針盤のS極が指す方向。,63619
낫다,動詞/形容詞,なおる【治る】 | まさる【勝る】。ましだ,"病気や傷などが消えて元の状態に戻る。
 | あるものが他のものよりもっと良い。","62354,38524"
낮,名詞,"ひる【昼】。ひるま・ちゅうかん【昼間】。にっちゅう【日中】
","日の出から日の入りまでの間。
",64497
낮다,形容詞,ひくい【低い】,上から下までの間隔が短い。,58155
낮잠,名詞,ひるね【昼寝】。ごすい【午睡】,昼間寝ること。,41359
낳다,動詞,うむ【産む】。しゅっさんする【出産する】,"胎児や卵などを体外に出す。
",64391
내,代名詞,わたし【私】。ぼく【僕】。おれ【俺】。じぶん【自分】,一人称代名詞「나」に主格助詞「가」があとにつく場合の形。,41385
내과,名詞,ないか【内科】,主に薬品で内蔵器官の疾病を治療する医学分野。また、その分野の病医院。,28417
내년,名詞,らいねん【来年】。よくねん【翌年】。みょうねん【明年】。つぎとし【次年】,"今年のすぐ次の年。
",64517
내다,動詞,とおす【通す】。ひらく【開く】。つくる【作る】,"道や通路、窓などができるようにする。
",89906
내려가다,動詞,おりる【下りる】。くだる【下る】,"上から下へ行く。
",63723
내려오다,動詞,おりる【下りる】。くだる【下る】,"高い所から低い所へ、また上から下へ来る。
",64559
내리다,動詞,ふる【降る】,"雪や雨などが落ちて来る。
",73353
낼,名詞,あした・あす・みょうにち【明日】。よくじつ【翌日】,"今日の次の日。
",41161
냄비,名詞,なべ【鍋】,食べ物を沸かすときに使う窯より小さく、蓋と取っ手のある厨房道具。,41163
냄새,名詞,"におい【匂い・臭い】
","鼻で感じられるもの。
",58180
냉장고,名詞,"れいぞうこ【冷蔵庫】
",飲食物が腐らないようにするか冷やすために低温で保管する箱形の機械。,31524
너,代名詞,おまえ【お前】。きみ【君】	,"聞き手が友人か目下の人である場合、その聞き手をさす語。
",64390
너무,副詞,あまりに,一定の程度や限界をはるかに超えた状態で。,28183
너희,代名詞,おまえたち【お前たち】。きみたち【君たち】。おまえら【お前等】。きみら【君等】,"聞き手が複数の友人か目下の人たちである場合、その聞き手をさす語。
",61180
넌,品詞なし,あなたは。きみは【君は】。おまえは【お前は】	,"「너는」の縮約形。 
",86216
널,品詞なし,あなたを。きみを【君を】。おまえを【お前を】	,"「너를」の縮約形。 
",86062
넓다,形容詞,ひろい【広い】,面や床などの面積が広い。,64511
넘다,動詞,こえる【越える・超える】,"ある時間、時期などが過ぎたり、期限、範囲などを超過するようになる。
",64524
넘어지다,動詞,ころぶ【転ぶ】,"立っていた人や物がバランスを失って一方に傾いて倒れる。
",62363
넣다,動詞,いれる【入れる】,"ある空間の中に入らせる。
",64509
네,代名詞/冠形詞/品詞なし/感嘆詞,おまえ【お前】。きみ【君】 | よっつの【四つの】	 | はい　 | あなたの。きみの【君の】。おまえの【お前の】	,"二人称代名詞「너」に主格助詞「가」があとにつく場合の形。 | 四つの。
 | 目上の人の呼びかけに答える時にいう語。 | ｢너의｣の縮約形。 
","89180,64556,17294,84427"
네거리,名詞,じゅうじろ【十字路】。よつかど【四つ角】。こうさてん【交差点】,道が一ヵ所で四つの方向に分かれたところ。,41416
네다섯,冠形詞/数詞,よっつかいつつ【四つか五つ】	 | しご【四五】,"四つか五つくらいの数。
 | 4か5ぐらいの。四つか五つぐらいの。

","87362,88337"
네발,名詞,よつあし【四つ足】。しそく【四足】,動物や事物にぶら下がっている4本の足。,20513
넥타이,名詞,ネクタイ,主に洋服を着るときワイシャツの首に結ぶ細くて長い布。,17258
넥타이핀,名詞,ネクタイピン。タイピン。ネクタイどめ【ネクタイ留め】,ネクタイがあちこち揺れないようにしたり、洒落るために留めるピン。,41581
넷,数詞,よん・し【四】	,"3に１を足した数。
",34873
넷째,冠形詞/名詞/数詞,よっつめ【四つ目】 | よっつめ【四つ目】。よんばんめ【四番目】	 | よっつめの【四つ目の】。よんばんめの【四番目の】	,"最初から数えて4番目になること。 | 順番の4番目。
 | 4番目の。
","90892,26821,71735"
년,依存名詞,ねん【年】,年数を数える単位。,26823
노란색,名詞,きいろ【黄色】。イエロー,"ひよこやバナナと同じ色。
",17234
노랗다,形容詞,きいろい【黄色い】,色がバナナやレモンのようだ。,40101
노래,名詞,うた【歌・唄】。かきょく【歌曲】,歌詞のある音楽。また、音楽を声に出して歌うこと。,20195
노래방,名詞,カラオケ,歌詞を見ながら歌えるように音楽機械を備えておいた場所。 ,40105
노래자랑,名詞,のどじまん【喉自慢】,大勢の人が集まったところで、誰が歌をよりうまく歌えるかを競争しながら楽しむこと。,40106
노래하다,動詞,うたう【歌う】,歌詞のある音楽を声に出して歌う。,64513
노력,名詞,どりょく【努力】。とりくみ【取組】。じんりょく【尽力】,"ある目的を成し遂げるために力を尽くして励むこと。
",62400
노력하다,動詞,どりょくする【努力する】。とりくむ【取り組む】。じんりょくする【尽力する】,"ある目的を成し遂げるために力を尽くして励む。
",64375
녹다,動詞,とける【溶ける】,"氷や雪が熱や湿気によって水になる。
",28313
녹색,名詞,みどりいろ【緑色】,黄色と青の中間色で、濃い草のような色。,40697
녹색등,名詞,みどりいろのしんごうとう【緑色の信号灯】,"人や車両の通行、または飛行機の着陸を許可する緑色の明かり。
",24239
녹차,名詞,りょくちゃ【緑茶】。グリーンティー,茶樹の葉を摘んだ後、日干しした青い葉。また、その葉でつくった茶。,28579
놀다,動詞,あそぶ【遊ぶ】,"遊びなどをして、面白くて楽しい時間を過ごす。
",88353
놀라다,動詞,おどろく【驚く】。びっくりする,"意外なことに出くわしたり怖かったりして、瞬間的に緊張したり胸がどきどきしたりする。
",61607
놀이,名詞,"あそび【遊び】
","楽しく遊ぶこと。
",62830
놀이동산,名詞,ゆうえんち【遊園地】。レジャーランド。アミューズメントパーク ,"見物したり、乗り物を利用して楽しく遊べるように、色々な遊具や設備を備えた施設。
",40774
놀이하다,動詞,あそぶ【遊ぶ】,"楽しい時間を過ごす。
",40764
농구,名詞,バスケットボール,五人ずつの２チームに分かれて、相手のバスケットにボールを入れて獲得した点数で競り合うスポーツ競技。,28323
농구공,名詞,バスケットボール,バスケットボールで使うボール。,43798
농구대,名詞,バスケットボール・ゴール,バスケットボールをする時にボールを投げ入れるゴール。,43799
농구장,名詞,バスケットボールコート。バスケットボールきょうぎじょう【バスケットボール競技場】,バスケットボールをする競技場。,43800
농구화,名詞,バスケットシューズ,バスケットボール用の靴。,43801
농담,名詞,じょうだん【冗談】。ジョーク。ぎげん【戯言】,遊びで人をからかったり笑わせるためにいう言葉。,43805
농담하다,動詞,じょうだんをいう【冗談を言う】。ジョークをいう【ジョークを言う】。ぎげんをいう【戯言を言う】,"遊びで人をからかったり笑わせたりする言葉を言う。
",43807
높다,形容詞,たかい【高い】,下から上までの間が長い。,64523
높이,副詞/名詞,たかさ【高さ】 | たかく【高く】,高い度合い。 | 下から上に向けて高く。,"45290,48746"
놓다,動詞,はなす【放す】,"手で握ったり押したりしていた物を、手を伸ばしたり力を抜いたりして抜け出るようにする。
",89534
누가,品詞なし,だれが【誰が】	,"「누구가」の縮約形。
",90165
누구,代名詞,だれ【誰】	,"知らない人をさす語。
",62078
누나,名詞,あね【姉】,男の人がきょうだいや親戚のきょうだいのうち、自分より年上の女の人を指したり呼ぶ語。,32205
누르다,動詞,おす【押す】。おさえる【押さえる・圧さえる】,"物の全体や部分に上から力を加える。
",72239
눈,名詞,"め【目・眼】 | ゆき【雪】
","人や動物の顔にあり、光の刺激を受けて物を見る働きをする感覚器官。 | 空気中の水分が凍って地面に落ちる、白い綿のような小さい氷の結晶。
","72704,20198"
눈물,名詞,なみだ【涙】,人や動物の目から流れて出る透明な水。,55290
눈병,名詞,がんびょう【眼病】。めやみ【目病み】,目に生じる病。,23398
눕다,動詞,よこになる【横になる】,人または動物の背中や脇腹がある所につくように体を横たえる。,62063
뉴스,名詞,ニュース,新しい情報を伝える放送。,32795
느끼다,動詞,かんずる【感ずる】。おぼえる【覚える】,"鼻や肌などの感覚器官で刺激を受け取る。
",64376
느낌,名詞,かんじ【感じ】。きもち【気持ち】。おもい【思い】,体や心から起こる気運や感情。,61166
느리다,形容詞,おそい【遅い】,ある行動をするのに長く時間がかかる。,23143
늘,副詞,"いつも。つねに【常に】
","いつも変わらずにずっと。
",40481
늘다,動詞,ふえる【増える】。ます【増す】。のびる【伸びる】。ひろがる【広がる】,"物体の長さや広さ、体積などが長くなったり大きくなったりする。
",64492
늙다,動詞,おいる【老いる】。ふける【老ける】,"年をとる。
",63500
능력,名詞,のうりょく【能力】。りきりょう【力量】。ちから【力】。パワー。さいのう【才能】,"物事を成し遂げることのできる力。
",61285
늦다,動詞/形容詞,"おくれる【遅れる】。ちこくする【遅刻する】。まにあわない【間に合わない】 | おそい【遅い】
","決まった時を過ぎる。
 | 基準になる時より遅れている。
","61181,64526"
다,副詞/名詞,"すべて【全て】。ぜんぶ【全部】。みんな。みな【皆】
 | ぜんぶ【全部】。すべて【全て】。みな【皆】。のこらず【残らず】。もれなく
","残すものなく、漏れなく全て。
 | 残ったり、漏れたものがなく、全て。
","58175,58176"
다녀오다,動詞,いってくる【行って来る】,"ある所に行って帰ってくる。
",64529
다니다,動詞,かよう【通う】,"あるところに何度も出入りする。
",29702
다르다,形容詞,"ことなる【異なる】。ちがう【違う】。そういする【相違する】
","二つの対象が同じでない。
",26824
다른,冠形詞,"ほかの【他の】。べつの【別の】
","当該すること以外の。
",64530
다리,名詞,あし【足・脚】 | はし【橋】。きょうりょう【橋梁】,人間や動物の胴体の下について、立ったり歩いたり走ったりする機能を行う身体部位。 | 川・海・道・谷などを渡れるように、両端をつないで作った施設。,"62840,28826"
닦다,動詞,ふく【拭く】。ぬぐう【拭う】。ふきとる【拭き取る】,"汚れを取り去るためにこする。
",60316
닫다,動詞,しめる【閉める】。とじる【閉じる】,"門、蓋、引き出しなどを元の位置に戻して開いているところを塞ぐ。
",57289
달,依存名詞/名詞,"つき【月】
 | つき【月】	","夜になると空に昇る、丸くて明るい光を発する天体。
 | 1年を12に分けたものの中で一つの期間を数える単位。
","62266,60490"
달걀,名詞,たまご・らん【卵】。けいらん【鶏卵】,鶏の卵。,60487
달구경,名詞,つきみ【月見】。かんげつ【観月】,月を眺めて楽しむこと。,20027
달다,形容詞,"あまい【甘い】
","蜜や砂糖のような味がする。
",62741
달력,名詞,カレンダー。こよみ【暦】。れきほん【暦本】,"一年の月、日、曜日、節気、行事日などを、日を追って記したもの。
",60489
달리기,名詞,,両足をずっと速く動かして走ること。,28388
달리기하다,動詞,はしる【走る】。かける【駆ける】,"両足をずっと速く動かして移動する。
",90398
달리다,動詞,"はしる【走る】。かける【駆ける】
","走って速く行ったり来たりする。
",66321
닭,名詞,"にわとり【鶏】
","飛ぶことができず、よく卵を産み、肉が美味しくて家で飼う大きい鳥。
",30202
닭고기,名詞,とりにく・けいにく【鶏肉】,食用の鶏の肉。,62268
닮다,動詞,にる【似る】。にかよう【似通う】,"二つ以上の人や物が互いにほとんど同じ形や性質を持つ。
",73354
담배,名詞,"たばこ【煙草】
","葉を乾燥し、火をつけて吸うタバコに加工する植物。
",63662
답,名詞,こたえ【答え】。へんとう【返答】。へんじ【返事】,"呼びかけに対して言葉で応じること。また、その言葉。
",14003
답답하다,形容詞,いきぐるしい【息苦しい】,息詰まったり、息がしにくい。,49437
답장,名詞,へんじ【返事】。へんしん【返信】。へんさつ【返札】。へんしょ【返書】,質問や手紙に対する答えとして送る手紙。,49452
답장하다,動詞,へんじする【返事する】。へんしんする【返信する】。へんしょする【返書する】,"質問や手紙に対する答えとして手紙を送る。
",49453
답하다,動詞,こたえる【答える】。へんとうする【返答する】。へんじする【返事する】,"呼びかけに対して言葉で応じる。
",64538
당근,名詞,にんじん【人参】,赤く、長い角の形をした甘い根菜。,49463
대,依存名詞,だい【台】	,"車・飛行機・楽器・機械などを数える単位。
",40639
댁,代名詞/名詞,おたく【お宅】 | おたく【お宅】,人の家や家庭を敬っていう語。 | 話し手と同等、または目下の関係にある聞き手に対して、その人を敬っていう語。,"64392,64393"
더,副詞,"もっと。ますます。いっそう【一層】。さらに
","付け加えられて続くさま。
",26829
더럽다,形容詞,きたない【汚い】。きたならしい【汚らしい】	,"垢や汚れなどがついていて清潔でなく小汚い。
",47384
더욱,副詞,もっと。なお。いっそう【一層】。さらに【更に】	,"程度がいっそうひどく。もっと大きく。
",14369
더워지다,動詞,あつくなる【暑くなる】。あつくなる【熱くなる】。ねっする【熱する】,"温度が上がる。また、それによってあつさを感じる。
",47398
덕분,名詞,おかげ【御陰・御蔭】,ある人から受けた恩恵や助け。または、ある事が起こったことから生じた利益。,47410
던지다,動詞,なげる【投げる】,"手に持っている物を腕を動かして空中に放る。
",66324
덥다,形容詞,あつい【暑い】,肌で感じる気温が高い。,44484
데려가다,動詞,つれていく【連れて行く】,"連れて一緒に行く。
",64541
데려오다,動詞,つれてくる【連れて来る】,"連れて一緒に来る。
",14379
데스크톱 컴퓨터,,デスクトップパソコン。デスクトップPC	,"個人の机の上に備え置いて使用する用途で作られたパーソナルコンピュータ。
",90482
데이트,名詞,デート,男女が付き合うために会うこと。,14381
데이트하다,動詞,デートする,"男女が付き合うために会う。 
",90688
도,名詞,"どうとく【道徳】。どうり【道理】
","人間なら守ってしかるべき道徳。
",14744
도로,名詞,どうろ【道路】,人や車が通えるように設けられた道。,47886
독감,名詞,インフルエンザ,大変ひどい流行性感冒（風邪）。,14757
독서,名詞,どくしょ【読書】,本を読むこと。,48896
독서하다,動詞,どくしょする【読書する】,"本を読む。 
",48902
돈,名詞,"かね【金】。おかね【お金】。かへい【貨幣】。きんせん【金銭】
","物の売り買いや、労働の代価としてやり取りする銅銭や紙幣。
",17204
돌,依存名詞,,"誕生日がめぐってくる回数を数える単位。
",48616
돌다,動詞,まわる【回る】。かいてんする【回転する】,"ものが一定の点や線を中心に円を描きながら動く。
",75006
돌려주다,動詞,かえす【返す】。へんきゃくする【返却する】。へんさいする【返済する】,"借りたり奪ったりもらったりした物を持ち主に戻す。
",66267
돌리다,動詞,まわす【回す】。かいてんさせる【回転させる】,"何かを円を描きながら動かす。
",71457
돌아가다,動詞,まわる【回る】。かいてんする【回転する】,ものが一点を中心に円を描きながら動く。,74103
돌아가시다,動詞,なくなられる【亡くなられる】,命を落とすことを表す尊敬語。,92523
돌아오다,動詞,かえる【帰る】。もどる【戻る】,"元の場所に行ったり、再びその状態になったりする。
",66268
돌잔치,名詞,はつたんじょういわい【初誕生祝い】,赤ちゃんの初めての誕生日を祝う宴会。,48330
돕다,動詞,てつだう【手伝う】。たすける【助ける】。てだすけする【手助けする】,"他人の仕事に力を貸したり、役に立つことをしたりする。
",17203
동,名詞,"ひがし【東】。とうほう【東方】
","東西南北の四方位の1つで、日が昇る方角。
",65504
동네,名詞,むら【村】,人が生活する家が集っているところ。,62417
돼지,名詞,"ぶた【豚】
","太っていて、脚と尾が短く、目が小さい、肉を食べるために飼う家畜。
",62269
돼지고기,名詞,ぶたにく【豚肉】,食べ物として食べる豚の肉。,89811
되다,動詞,なる,新たな身分や地位を持つ。,89858
된장,名詞,テンジャン,カンジャンを仕込んだあと、残ったメジュを発酵させて作ったチャン。,48241
두,冠形詞,"に【二】。ふたつ【二つ】
","二つの。
",71458
두껍다,形容詞,あつい【厚い】,平たい物の両方の面の隔たりが大きい。,48277
두다,動詞,"おく【置く】
","ある場所にとどめる。
",67470
두부,名詞,とうふ【豆腐】,大豆を砕いて作った白くて柔らかい食べ物。,45275
두세,冠形詞,にさん【二三】。ふたつみっつ【二つ三つ】	,2か3ぐらいの。二つか三つぐらいの。,71459
두셋,数詞,"にさん【二三】
",二つか三つくらいになる数。,46805
둘,数詞,"に・ふた【二】。ふたつ【二つ】
","一に一を加えた数。
",34869
둘째,冠形詞/名詞/数詞,"ふたつめ【二つ目】。ふたりめ【二人目】 | にばんめ【二番目】。だいにばん【第二番】。ふたつめ【二つ目】
 | ふたつめの【二つ目の】。ふたりめの【二人目の】 。にばんめの【二番目の】	","最初から数えて2番目、または二人目になること。 | 順番の2番目。
 | 2番目、または二人目になるさま。 
","90911,58108,58109"
뒤,名詞,うしろ【後ろ】。こうほう【後方】,向かっている方向の反対側。,67477
뒤쪽,名詞,うしろ【後ろ】。こうほう【後方】,向かっている方向の反対側。,66947
드디어,副詞,とうとう。ついに。けっきょく【結局】。いよいよ,待っていた物事がしまいに。結局は。,15026
드라마,名詞,"ドラマ
","劇場で公演されたり、テレビなどで放送される劇。
",61389
드리다,動詞/補助動詞,さしあげる【差し上げる】 | あげる。さしあげる。お/ご-する,「与える」の謙譲語。何かを誰かに渡して持たせたり使わせたりする。 | 前の言葉が表す行動が他人の行動に影響することを表す謙譲語。,"61168,59252"
듣다,動詞,きく【聞く・聴く】,"耳で音を感じ取る。 | 涙や雨水などの液体がぼろぼろと落ちる。
","74104,50557"
들다,動詞,"はいる・いる【入る】
 | きれる【切れる】 | もつ【持つ】。とる【取る】","外から中へ行くか来る。
 | 刃が鋭くて切れ味がいい。
 | 手に持つ。","71686,49856,57293"
들르다,動詞,よる【寄る】。たちよる【立ち寄る】,"ある所へ向かう途中で、他の所を訪れる。
",67876
들리다,動詞,きこえる【聞こえる】,"音が耳に入る。
",70783
들어가다,動詞,はいる【入る】,"外から中に移動する。
",67877
등,名詞,"せ【背】。せなか【背中】
","人間や動物の身体で、胸と腹の反対側の部分。
",62455
등산,名詞,とざん【登山】。やまのぼり【山登り】,"運動や遊びなどの目的で山に登ること。
",40293
등산하다,動詞,とざんする【登山する】。やまのぼりする【山登りする】,"運動や遊びなどの目的で山に登る。
",48802
디자인,名詞,デザイン,衣装・工業製品・建築など、実用的な目的を持った作品の設計や図案。,54448
디자인하다,動詞,デザインする,"衣装・工業製品・建築など、実用的な目的を持った作品を設計したり図案を描いたりする。 
",54449
따듯하다,形容詞,あたたかい【暖かい】,"暑すぎず、程よい気温である。
",49657
따뜻하다,形容詞,あたたかい【暖かい】,"暑すぎず、程よい気温である。
",57297
따로,副詞,べつに【別に】。べっとに【別途に】	,"他の物事と一緒であったり混ざったりしないように。
",49672
딸,名詞,むすめ【娘】,親から生まれた子どもの中で女児。女の子。,30210
딸기,名詞,いちご【苺】,幹が地上へ伸び、種が表にある、赤い実を結ぶ多年草。また、その実。,70787
땀,名詞,"あせ【汗】
","暑い時や体調を崩したり緊張したりした時に皮膚から分泌されるややしょっぱい液体。
",50523
땅,名詞,"ち【地】。とち【土地】。じめん【地面】。だいち【大地】
","地球で水から成っている部分ではなく、土や石から成っている部分。
",30206
때,名詞,"とき【時】。じこく【時刻】
","時間のある瞬間や部分。
",74123
때문,依存名詞,ため【為】。せい【所為】,"物事の原因や理由。
",64555
떠나다,動詞,さる【去る】。いく【行く】,"現在いるところから他のところに移って行く。
",53746
떠들다,動詞,さわぐ【騒ぐ】,"大声でうるさく言う。
",64655
떡,名詞,トク。もち【餅】,インジョルミ（黄な粉トク）やソンピョンなど、穀物の粉を蒸したり、ゆでたりしたものをこねて作った食べ物。,20199
떨어지다,動詞,おちる【落ちる】,"上から下へ移動する。
",89796
또,副詞,また。ふたたび【再び】。もういちど【もう一度】。あらためて【改めて】	,"ある出来事や行動がもう一度。
",51887
또는,副詞,それとも。または。あるいは	,"それでなければ。
",52121
똑같다,形容詞,おなじだ【同じだ】。ひとしい【等しい】,"物事の模様、分量、性質などに差異がない。
",70801
똑같이,副詞,おなじに【同じに】。ひとしく【等しく】,"物事の模様、分量、性質などに差異がなく。
",52143
똑똑하다,形容詞,はっきりする。めいりょうだ【明瞭だ】,"分明で確実だ。
",15186
똑바로,副詞,まっすぐに【真っ直ぐに】。いっちょくせんに【一直線に】,"どちらにも偏ることなく垂直に。
",70810
뚱뚱하다,形容詞,でぶでぶだ。ふとっている【太っている】	,"太っていて体形がぽっちゃりしている。
",15191
뛰다,動詞,"はしる【走る】。かける【駆ける】
","足を素早く動かして前へ進む。
",74124
뛰어가다,動詞,はしっていく【走って行く】。かける【駆ける】。かけよる【駆け寄る】。かけつける【駆付ける】。とんでいく【飛んで行く】,"どこかに速く走って行く。
",14439
뜨겁다,形容詞,あつい【熱い】,ものの温度が高い。,66027
뜨다,動詞,"あける【開ける】
","閉じていた目を開く。
",62313
뜻,名詞,"いし【意思】。かんがえ【考え】。いけん【意見】。こころざし【志】
","心の中にある考えや意見。
",43785
라디오,名詞,ラジオ,放送局で、音声を電波で発信し、受信装置を持った人々が聞くようにすること。また、その放送。,66029
라면,名詞,インスタントラーメン。そくせきラーメン【即席ラーメン】,油で揚げた麺塊と粉末スープが入っていて熱湯に入れて煮るだけで簡単に食べられる料理。,62270
레몬,名詞,レモン,酸味が強く、匂いがすっぱい、楕円形の黄色い実。,52276
레스토랑,名詞,レストラン,西洋の料理を売る食堂。,52573
로비,名詞,"ロビー
","ホテルや劇場などで、応接室や通路を兼ねた広い空間。
",52520
로션,名詞,ローション　,肌をしっとりと柔らかくするために塗る、濃い液状の基礎化粧品。,52519
린스,名詞,リンス,シャンプーで洗髪したあと、すすぐ時に髪を柔らかくし、つやを与えるために使う洗剤。また、その溶液で髪をすすぐこと。,50157
링거,名詞,リンゲル,生理的な機能を維持できるように、体液の代わりに体内に注入する液体。,50182
마당,名詞,"にわ【庭】
","家についている、平らに開けている土地。
",15687
마르다,動詞,かわく【乾く】,"水気が蒸発してすっかりなくなる。
",64677
마리,依存名詞,ひき【匹】。とう【頭】。わ【羽】。お【尾】	,"獣・魚・虫などを数える単位。
",51771
막걸리,名詞,マッコリ,ねっとりと後味が残る、米を主原料とする韓国の白い伝統酒。,15754
막히다,動詞,ふさがる【塞がる】。さえぎられる【遮られる】。つまる【詰まる】,"道、通路、穴などが通じなくなる。
",29777
만,冠形詞/数詞,"まん【万】。いちまん【一万】
 | まん【万】。いちまん【一万】
","一千の10倍になる数。
 | 一千の10倍になる数の。
","64558,64646"
만나다,動詞,おちあう【落ち合う】,線や道、川などが互いに接し合っている、またはつながっている。,66591
만들다,動詞,つくる【作る】。したてる【仕立てる】。こしらえる【拵える】。せいぞうする【製造する】。せいさくする【製作する】,"力や技術を使って、存在しなかったものを生じさせる。
",60317
많다,形容詞,おおい【多い】。たくさんだ【沢山だ】。かずおおい【数多い】。ゆたかだ【豊かだ】,"数や量、程度などが一定の基準を超える。
",69295
많이,副詞,おおく【多く】。たくさん【沢山】。かずおおく【数多く】。ゆたかに【豊かに】,"数や量、程度などが一定の基準を超えて。
",66030
말,依存名詞/名詞,"ことば【言葉】 | うま【馬】
 | こま【駒】 | まつ・すえ【末】	","考えや感情を表現して伝える人の音声。 | 体は主に褐色、黒色、白色で、顔・首・脚が長く、首には鬣があり、尾が長い動物。
 | 将棋・チェスなどで、規則に従って盤上に並べて動かし、位置を表示する時に使う小さいもの。 | ある期間の終わり。
","27260,53068,53069,53070"
말다,動詞/補助動詞,かける。まい | ない	,"ある事や行動をしなかったりやめたりする。
 | 前の言葉の表す行動をしないようにするという意を表す「補助動詞」。","69296,72580"
맑다,形容詞,"きよい【清い】
","汚れているものが混ざっていず、きれいである。
",66031
맑아지다,動詞,すむ【澄む】,"濁りがなくなって、きれいな状態になる。
",90818
맛,名詞,あじ【味】,"食べ物などが舌に触れた時に感じられる感覚。
",66228
맛없다,形容詞,まずい。おいしくない,"飲食物の味が良くない。
",29721
맛있다,形容詞,おいしい【美味しい】。うまい【旨い・美味い】,"味が良い。
",70811
망고,名詞,マンゴー,楕円形に果肉は黄色くて柔らかく、甘みのある熱帯果物。,51611
맞다,動詞,あう【合う】,問題に対する答が間違っていない。,66231
맞추다,動詞,あわせる【合わせる】。くみあわせる【組み合わせる】,"ばらばらになっている部分を適合な位置に置く。
",74127
매년,副詞/名詞,まいとし・まいねん【毎年】 | まいとし・まいねん【毎年】。としごと【年毎】	,"としごと。 | 年ごとに。
","51746,51749"
매다,動詞,むすぶ【結ぶ】,"離れたり解けたりしないように、紐や縄の両端を組んでつなぐ。
",26487
매달,副詞/名詞,"まいつき・まいげつ【毎月】
 | まいつき・まいげつ【毎月】。つきごと【月毎】
",ひとつきひとつき。 | それぞれの月ごとに。,"91115,15926"
맥주,名詞,ビール,主に発酵させた麦に、水や苦味、炭酸を加えて作った、泡の立つ酒。,30216
맥주병,名詞,"ビールびん【ビール瓶】
","ビールが入った瓶。
",55237
맵다,形容詞,からい【辛い】	,"唐辛子や辛子のように刺激的な味で舌がひりひりする。
",74131
머리,名詞,あたま【頭】。とうぶ【頭部】,人間や動物の体で、顔と髪の毛が生えている部分を全て含めた、首の上の部分。,66234
머리빗,名詞,くし【櫛】,髪の毛を梳く時に使う道具。,55384
머리카락,名詞,かみのけ【髪の毛】,髪の毛の１本１本。,55381
머리핀,名詞,ヘアピン,髪の毛を留めるピン。,55378
먹다,動詞,たべる【食べる】。くう【食う・喰う】。くらう【食らう】,食べ物を口の中に入れて飲み込む。,58272
먼저,副詞/名詞,"さきに【先に】。さきほど【先ほど】 | さきに【先に】。まず。あらかじめ【予め】。まえもって【前もって】
","時間や順序で前の時。 | 時間や順序で、先立って。
","54839,54840"
멀다,形容詞,とおい【遠い】,"空間的に，隔たりが大きい。 
",26833
멀리,副詞/名詞,とおく【遠く】 | とおく【遠く】	,"遠い所。 | 時間的・空間的にかなり離れていて。
","93620,54965"
멀리하다,動詞,とおざける【遠ざける】,"距離を遠くに離れさせる。
",54968
멈추다,動詞,やむ【止む】。とまる【止まる・停まる】,"動作や状態が続かない。
",46133
멋,名詞,しゃれ【洒落】,顔立ちや行動、装いなどの飾りが洒落ていて、見た目のよい格好。,54982
멋있다,形容詞,すてきだ【素敵だ】。かっこいい【格好いい】。りっぱだ【立派だ】	,"とても良くてすばらしい。
",15989
메뉴,名詞,"メニュー。こんだてひょう【献立表】
","飲食店で売る料理の品目と価格を示した表。
",57299
메다,動詞,かつぐ【担ぐ】。になう【担う】。せおう【背負う】,"ものを肩や背中などに載せる。
",62085
메모,名詞,メモ,忘れないように、または他の人に伝えるために、ある内容を簡単に書き留めること。また、書き留めたもの。,55525
메모하다,動詞,メモする。かきとめる【書き留める】,"忘れないように、または他の人に伝えるために、ある内容を簡単に書き記しておく。
",55808
메시지,名詞,"メッセージ。でんごん【伝言】
","ある事実を報告・主張・警告するために特別に伝える言葉。
",55534
메일,名詞,"メール
",インターネットや通信網を利用してやり取りするメール。,16107
멜론,名詞,メロン,丸くて、普通緑色であり、果皮に網目がある、香ばしくて甘みのある果物。,55432
며칠,名詞,"なんにち【何日】。いくにち【幾日】
","その月の何日目。
",36676
면바지,名詞,コットンパンツ。めんズボン【綿ズボン】,綿から紡いだ糸で織った布で作られたズボン。,55739
명,依存名詞/名詞,いのち【命】 | めい【名】。にん【人】	,"人や動物が呼吸しながら生きている状態。また、その力。 | 人数を 数える単位。
","55101,70812"
몇,冠形詞/数詞,すうにん【数人】。すうこ【数個】 | いく【幾】。いくつ【幾つ】。いくつかの【幾つかの】	,"多くない漠然たる数。 | あまり多くない、少しばかりの漠然とした数量の。
","66235,66236"
모기,名詞,か【蚊】,人や家畜などの血を吸う、飛び回る小さな昆虫。,55757
모기약,名詞,かよけざい【蚊除け剤】,蚊を追い払ったり、駆除する時に使う殺虫剤。,55758
모두,副詞/名詞,みな・みんな【皆】 | みんな。みな【皆】。すべて	,"残ったり、抜けたりすることのない全体。 | 欠如なしに全部。
","64739,28135"
모든,冠形詞,すべての。あらゆる。ぜん【全】	,"欠落したり余ったりせず、全部であるさま。
",70813
모레,副詞/名詞,"あさって【明後日】
 | あさって【明後日】","明日の次の日。 | 明日の次の日に。
","16134,16136"
모르다,動詞,"しらない【知らない】。わからない【分からない】
","人・物・事実などを知らない、または分からない。
",29712
목,名詞,"くび【首】
","人間や動物の頭と胴体をつなぐくびれた部分。
",89861
목 운동,,ネックストレッチ。ネックロール。くびのストレッチ【首のストレッチ】。くびのきんトレ【首の筋トレ】	,"首を大きく回したり首を前後に曲げたりする簡単な体操。
",64467
목감기,名詞,のどかぜ【喉風邪】,喉が腫れてちくちく痛い症状の風邪。,55834
목걸이,名詞,くびかざり【首飾り】。ネックレス　,宝石などをつないで、首にかける装飾品。,16150
목도리,名詞,えりまき【襟巻き】。くびまき【首巻き】。マフラー　,防寒のために首に巻くもの。,55854
목소리,名詞,"こえ【声】
","人間の喉から発せられる音。
",69464
목요일,名詞,もくようび【木曜日】,月曜日を基準にした一週の第4日。,55874
목욕,名詞,もくよく【沐浴】,全身を水で洗うこと。,28643
목욕탕,名詞,ふろ【風呂】。せんとう【銭湯】,水（湯）で全身を洗えるように整えておいた施設や部屋。,55877
목욕하다,動詞,ふろにはいる【風呂に入る】。にゅうよくする【入浴する】,"全身を水で洗う。 
",55878
목적,名詞,もくてき【目的】,実現しようとする事柄または進もうとする方向。,69465
목적하다,動詞,めざす【目指す】。もくてきとする【目的とする】,"何かを実現しようとしたり、進もうとする方向にしたりする。 
",91165
몸,名詞,"からだ【体・身体】。しんたい【身体】
","人間や動物の姿を成す、頭から足までの全体。また、それの状態。
",74138
몸살,名詞,,"体がひどく疲れている時にかかる、全身が痛み、元気がなく、熱が出る病気。
",54741
몸살감기,名詞,,疲労がたまることにより引く風邪。,54742
못,副詞,,動詞が表す動作が不可能であるさま。,17254
못생기다,動詞,ぶさいくだ【不細工だ】。みにくい【醜い】。ぶきりょうだ【不器量だ】,"容貌が普通よりよくない。

",15309
못하다,動詞/形容詞/補助動詞/補助形容詞,できない【出来ない】 | おとる【劣る】。およばない【及ばない】	 | そこなう【損なう】。そこねる【損ねる】	 | くない。ではない,"あることを一定の水準に至らせなかったり、そのことをする能力がなかったりする。
 | 他に比べて程度や水準がある程度に及ばない。
 | 前の言葉の表す行動が実現できない、またはそれをする能力がないという意を表す「補助動詞」。
 | 前の言葉の表す状態には及ばないという意を表す「補助形容詞」。","91168,29719,26838,26841"
무,名詞,"だいこん【大根】
","色が白く、長い根に羽状の葉があって、キムチなどをつける野菜。
",54831
무거워지다,動詞,おもくなる【重くなる】,"重い状態になる。
",54869
무겁다,形容詞,おもい【重い】,"目方が多い。
",58159
무게,名詞,"おもさ【重さ】。めかた【目方】。じゅうりょう【重量】
","物の重さの度合い。
",54870
무궁화,名詞,むくげのはな【むくげの花】。きんか【槿花】,"夏から秋にかけて、白色、紫色、紅色などの花弁が鐘状に広く開く花。
",15318
문,名詞,"と【戸・門】。とびら【扉】。もん・かど【門】。ドア
","人が出入りしたり、物を収めたりするために、開閉できるようにした建具。
",43832
문구,名詞,ぶんぐ【文具】。ぶんぼうぐ【文房具】,ノート・鉛筆など、勉強や事務に必要な道具。,91190
문밖,名詞,もんがい【門外】,門の外。,15705
문어,名詞,たこ【蛸】,赤い褐色の丸い胴に吸盤がある、8本の腕を持つ軟体動物。,57091
문어발,名詞,"たこあし【蛸足】
","タコの足。
",57093
묻다,動詞,とう【問う】。きく【聞く・訊く】。たずねる【尋ねる】,"答えや説明を求めて言う。
",69471
물,名詞,"みず【水】。のみみず【飲み水】
","川・湖・海・地下水などにあり、純粋なものは色・匂い・味がなく、透明な液体。
",17596
물건,名詞,"もの【物】。ぶったい【物体】。ぶっぴん【物品】
","一定の形を持つ物質。
",66247
물고기,名詞,"さかな・うお【魚】
","水に住む、えら・ひれ・うろこを持つ脊椎動物。
",56181
물놀이,名詞,みずあそび【水遊び】,水に入って遊ぶこと。,56192
물론,副詞/名詞,もちろん【勿論】 | もちろん【勿論】。むろん【無論】	,"わざわざ言う必要がないこと。 | あえて言う必要もなく。
","89812,62600"
물병,名詞,みずさし【水差し】,水を入れておく瓶。,56311
물비누,名詞,みずせっけん【水石鹸】,液状の石鹸。,56317
뭐,代名詞/感嘆詞,なん・なに【何】 | なに【何】。ええっ。はあ,知らない事実・事物を指す語。 | 驚いた時に出す声。,"84991,27525"
뭔,冠形詞,なんの【何の】。どういう,はっきりしていないか、よく分からないことや対象、物などを尋ねる時に使う言葉。,601897
미끄러지다,動詞,"すべる【滑る】。スリップする
","つるつるの場所で一方向へ押されたり、転倒する。
",15748
미끄럼,名詞,すべり【滑り】,すべること。また、そのような遊び。,57744
미끄럼틀,名詞,すべりだい【滑り台】,滑り降りて遊ぶことができる、斜めに作られた機具。,57743
미래,名詞,"みらい【未来】。しょうらい【将来】
","これから来る時。
",61518
미리,副詞,あらかじめ【予め】。まえもって【前もって】,"何かが始まる前に。
",56292
믿다,動詞,"しんじる【信じる】。しんじこむ【信じ込む】
","何かを正しいとか事実だと思い込む。
",69478
밀가루,名詞,こむぎこ【小麦粉】,小麦をひいて粉にしたもの。,57411
밀다,動詞,"おす【押す】
","何かを動かすため、望む方向の反対側から力を加える。
",74177
밑,名詞,"した・もと【下】。もと【許】。かぶ【下部】
","物の下の部分。
",66592
바깥,名詞,"そと【外】。そとがわ【外側】
","外になる場所。
",56330
바깥쪽,名詞,そとがわ・がいそく【外側】。おもてがわ【表側】,外へ向かう方。,56361
바꾸다,動詞,かえる【変える・替える・換える・代える】。きりかえる【切り替える・切り換える】,元々あったものを無くして、他のものにかえる。,17198
바뀌다,動詞,かわる【替わる・代わる】。いれかわる【入れ替わる・入れ代わる】,"元のものが他のもので代替される。
",61179
바나나,名詞,バナナ,長くて曲がっている形で、果皮が黄色くてよく剥け、白い果肉が甘くて柔らかい熱帯果物。,31451
바다,名詞,"うみ【海】。かいよう【海洋】
","地球で陸地の以外の部分で、塩水が満ちているところ。
",26497
바다낚시,名詞,うみづり【海釣り】,海で魚を釣ること。,56404
바닥,名詞,"へいめん【平面】。そこ【底】。ゆか【床】
","ある空間で、下が平らで広い部分。
",62696
바닷가,名詞,かいがん【海岸】。はまべ【浜辺】,海と陸地が接している所やその辺り。,56428
바라다,動詞,ねがう【願う】。のぞむ【望む】,"考えや希望がかなうことを期待する。
",58156
바라보다,動詞,ながめる【眺める】。みつめる【見詰める】。のぞむ【望む】,"正面から見る。
",64743
바람,名詞,かぜ【風】,気圧の変化、または人や機械によって起こる空気の動き。,85627
박물관,名詞,はくぶつかん【博物館】,遺物や芸術品を収集・保管・展示して、一般に公開し、研究できるようにした場所。,36677
박수,名詞,はくしゅ【拍手】,歓迎やお祝いなどの意を表したり、拍子をとるために手を打ち合わせること。,57325
박수하다,動詞,はくしゅする【拍手する】,歓迎やお祝いなどの意を表したり、拍子をとるために手を打ち合わせる。,57328
밖,名詞,"そと【外】。そとがわ・がいそく【外側】。がいぶ【外部】
","線や境界を越えた側。
",17878
반,名詞,"はん【半】。はんぶん【半分】
 | はん【班】
","平等に2つ分けたもののうちの1つ。
 | 一定の目的の組織にいる人の集団。
","57623,57301"
반갑다,形容詞,なつかしい【懐かしい】。うれしい【嬉しい】,"会いたかった人に会ったり、願っていたことが叶ったりして楽しい。
",70861
반년,名詞,はんとし・はんねん【半年】,1年の半分。,56765
반달,名詞,はんつき・はんげつ【半月】,1ヵ月の半分。,56769
반대,名詞,はんたい【反対】,"物事の模様、位置、方向、属性などが逆の関係にあること。
",69484
반대되다,動詞,はんたいになる【反対になる】,"物事の模様、位置、方向、属性などが逆の関係にある。
",90169
반대하다,動詞,はんたいする【反対する】,"ある行動や意見などに従わずに逆らう。
",64745
반드시,副詞,かならず【必ず】。かならずしも【必ずしも】。きっと,間違いなく確かに。,56794
받다,動詞,"うける【受ける】。うけとる【受け取る】。もらう【貰う】
","人が与えたり、送ったりしたものをもらう。
",66636
받아쓰기,名詞,かきとり【書き取り】,読み上げられた語句・文章を聞いて、正しく書き写すこと。,56548
받아쓰다,動詞,かきとる【書き取る】,"人の言うことや読む文章をそのまま書き記す。
",56546
발,名詞,"あし【足】
","人間や動物の脚の末端部分。
",67886
발가락,名詞,あしゆび【足指】,足の先の5本に分かれている部分。,56554
밝다,動詞/形容詞,あからむ【明らむ】。あかるむ【明るむ】 | あかるい【明るい】	,"闇が消えて明るくなる。
 | ある物体から発する光が明るい。
","64746,62105"
밝은색,名詞,あかるいいろ【明るい色】,明るくて鮮やかな色。,57996
밤,名詞,よる【夜】,日が暮れた後から翌日日が昇る前までの暗い間。,74178
밥,名詞,"はん【飯】。めし【飯】
","米や他の穀物を水とともに沸かし、水分が無くなるまで煮た料理。
",62683
방,名詞,へや【部屋】,人が生活したり仕事をしたりするため、壁で囲んで作った空間。,29724
방금,副詞/名詞,"いま【今】。ただいま【只今】。さっき
 | いま【今】。たったいま【たった今】。ただいま【ただ今】。いましかた【今し方】。ついさっき	","話している時点より、ほんの少し前。
 | 発話時より少し前に。
","92065,57833"
방문,名詞,ほうもん【訪問】,人に会ったり、何かを見るためにその場所を訪ねること。,57784
방문하다,動詞,ほうもんする【訪問する】,"人に会ったり、何かを見たりするためにその場所を訪ねる。 
",61516
방법,名詞,ほうほう【方法】,物事を解決するための手段や方式。,65531
방송국,名詞,ほうそうきょく【放送局】,施設を整えて、ラジオやテレビジョンを通じて放送を送信する機関。,63693
배,依存名詞/名詞,はら【腹】。ふくぶ【腹部】 | ふね【船】 | なし【梨】 | はい【杯】	,"人間や動物の体で、胸の下から脚の上までの部分。 | 人や荷物をのせて水上を行き来する交通機関。

 | 皮は黄色くて果実は白く、水分が多くて甘みのある、秋に収穫する丸い果物。 | 酒類や飲料の入った杯を数える単位。 
","20211,29729,31454,58079"
배달,名詞,はいたつ【配達】。でまえ【出前】,郵便物や商品、食べ物を届けること。,58797
배달되다,動詞,はいたつされる【配達される】。でまえされる【出前される】,"郵便物や商品、食べ物が届けられる。
",58798
배달원,名詞,はいたついん【配達員】,"品物や料理などを届けることを職業とする人。
",58800
배달하다,動詞,はいたつする【配達する】。でまえする【出前する】,"郵便物や商品、食べ物を届ける。
",58801
배드민턴,名詞,バドミントン,ネットを挟み、相手とラケットでシャトルコック（羽球）を打ち合うスポーツ競技。,58809
백,冠形詞/名詞/数詞,バッグ | ひゃく【百】 | ひゃく【百】,物を入れて持ち歩くかばんや袋。　 | 10の10倍になる数。 | 10の10倍になる数の。,"93403,36019,36018"
백만,冠形詞/数詞,ひゃくまん【百万】	 | ひゃくまんの【百万の】	,"一万の100倍になる数。
 | 一万の百倍になる数の。
","58719,58721"
밴드,名詞,バンド,皮・布・ゴムなどで細くて長く作った帯。,91295
뱀,名詞,へび【蛇】,"細長い円筒形の体に四肢がなく、全身がうろこでおおわれている爬虫類の動物。
",58639
버거,名詞,バーガー,丸いパンの間に肉と野菜とチーズなどを挟んだ食べ物。,600795
버릇,名詞,くせ【癖】,"長い間繰り返して習慣になった性質や行動。
",58306
버리다,動詞,すてる【捨てる・棄てる】,"不用のものを投げ出したり流したりする。
",65570
버스,名詞,バス,料金をもらって決まった道を通って、たくさんの人を乗せる大きい自動車。,36678
버스 정류장,,バスてい【バス停】。バスていりょうじょ【バス停留所】。バスストップ	,"バスが客の乗り降りのためにとまる一定の場所。
",58488
버스 카드,,バスカード。バスこうつうカード【バス交通カード】	,"バスの運賃を払うときに使われるカード。
",58491
번,依存名詞,ばん【番】	,"物事の順番を表す語。
",26846
번째,依存名詞,どめ【度目】。ばんめ【番目】	,"順番や回数を表す語。
",59074
번호,名詞,ばんごう【番号】,順番を表すか、異なるものと区別するためにつける数字。,31457
벌,名詞,そろい【揃い】。セット | はち【蜂】,衣服や器などが2つ以上合わさってそろった組。 | 花で蜜と花粉を集めて貯蔵し、体の後部先端に毒針を持つ昆虫。,"59086,14447"
벌다,動詞,かせぐ【稼ぐ】。もうける【儲ける】,"仕事をして金を得たりためたりする。
",59096
벌써,副詞,もう。もはや。いつのまにか【いつの間にか】,思ったより早く。,58977
벗다,動詞,ぬぐ【脱ぐ】。はずす【外す】,"身につけていた物や服などを取り去る。
",58494
벙어리장갑,名詞,ミトン。ふたまたてぶくろ【二股手袋】,親指だけが離れて、他の指は一緒になっている手袋。,58516
벽,名詞,"かべ【壁】
","家や部屋の周りをしっかり塞いでいる部分。
",28231
변하다,動詞,かわる【変わる】,他の物事になったり違った性質になったりする。,58881
별,名詞,"ほし【星】
","夜空に輝く月ではない天体。
",58366
별로,副詞,べつに【別に】。さほど。とくべつに【特別に】	,"特別に。または、そのくらい異なって。
",58301
병,名詞,"びょうき【病気】。しっぺい【疾病】
 | びん【瓶】。ボトル。とくり
","生物体の体に異常が生じて、生物体が正常な活動をできず、苦痛を感じる現象。
 | 主に液体や粉を入れるのに用いる、首が長くて細い器。
","62694,62777"
병문안,名詞,びょうきみまい【病気見舞い】。みまい【見舞い】,病気の人をたずねて、慰めること。,58821
병원,名詞,びょういん【病院】,設備を備えて医者と看護士が病人を治療する機関。,62271
보기,名詞,みほん【見本】。サンプル。れい【例】,何かを説明したり証明するために代表として示すもの。,58787
보내다,動詞,おくる【送る】。しおくる【仕送る】。おくりだす【送り出す】。やる【遣る】,"人や物などを他のところに移動させる。
",66375
보다,副詞/動詞/補助動詞,みる【見る】。ながめる【眺める】 | みる | より	,"目で対象の存在や外見を知る。 | 前の言葉の表す行動を試すという意を表す「補助動詞」。 | 他の物と比べて一層。
","61190,62171,26847"
보라색,名詞,むらさきいろ【紫色】。むらさき【紫】,赤と青の中間の色。,14505
복숭아,名詞,もも【桃】,味はすっぱいか甘く、太い種子が入っていて、ピンク色や白色を帯びる丸い夏の果物。,14543
복습,名詞,ふくしゅう・さらい【復習】,習ったことを繰り返し学習すること。,14544
복습하다,動詞,ふくしゅうする【復習する】 ,"習ったことを繰り返し学習する。 
",14547
복잡하다,形容詞,ふくざつだ【複雑だ】,"仕事や感情などが片付け難いほど入り混じっている。 
",66274
볶다,動詞,いためる【炒める】。いる【煎る・炒る・熬る】,"水気を切った食べ物を火にかけて、かき混ぜながら調理する。
",59753
볼펜,名詞,ボールペン,書くとき、ペンの先の小さい鉄のボールがペンの動きによって回転しながらインクが出る筆記道具。,59469
봄,名詞,"はる【春】
","四季の一つで、冬と夏の間の季節。
",20219
봄비,名詞,はるさめ・しゅんう【春雨】,春に降る雨。,59832
봄옷,名詞,はるぎ【春着】。しゅんぷく【春服】,春に着る衣服。,59836
봉투,名詞,ふうとう【封筒】,手紙や書類などを入れるために紙で作った袋。,59756
뵙다,動詞,おめにかかる【御目に掛かる】。おあいする【お会いする】,"目上の人に会う。
",62815
부끄럽다,形容詞,はずかしい【恥ずかしい】。てれくさい【照れ臭い】,"気恥ずかしく思ったりはにかんだりする。
",60125
북쪽,名詞,きた【北】。きたがわ【北側】,東西南北の四方位のひとつで、羅針盤のエヌ(N)極が示す方向。,59309
분,依存名詞/名詞,"かた【方】	 | おしろい【白粉】
 | ふん【分】	","人を敬って呼ぶ語。
 | 顔につける、細かい粉の化粧品。
 | 1時間の60分の1を表す時間の単位。
","27780,59403,70891"
분명하다,形容詞,はっきりしている。あきらかだ【明らかだ】。めいはくだ【明白だ】	,"姿や声・音がかすんでいなくてはっきりしている。
",21098
불,名詞,ひ【火】,物質が光と熱を出して燃えること。,61154
불다,動詞,"ふく【吹く】。おこる【起こる】
","風が起きて、どちらかの方向へ動く。
",74179
붉다,形容詞,あかい【赤い】	,"色が血液や熟れた唐辛子のような色である。
",71058
붙다,動詞,つく【付く】,"あるものが他のものに密着する。
",74181
붙이다,動詞,つける【付ける】,"何かに触れたまま離れないようにする。
",60293
블라우스,名詞,ブラウス,女性が着る、手触りが柔らかくてすべすべしているシャツ。,71059
블루베리,名詞,ブルーベリー,黒っぽい色の小さくて丸い形をした、甘くて酸味のある実。,600395
비,名詞,"あめ【雨】
","高いところで雲をつくっていた水蒸気が冷えて、一塊になって落ちてくる水滴。
",36681
비교,名詞,ひかく【比較】。くらべ【比べ】,"二つ以上のものを並べて、同じ点と違う点を見比べること。
",63521
비교되다,動詞,ひかくされる【比較される】。くらべられる【比べられる】,"二つ以上のものが並べられて、同じ点と違う点が見比べられる。
",60915
비교하다,動詞,ひかくする【比較する】。くらべる【比べる】,"二つ以上のものを並べて、同じ点と違う点を見比べる。
",63522
비구름,名詞,あまぐも【雨雲】,雨を降らせる雲。,60417
비누,名詞,せっけん【石鹸】,水をつけて泡を出して、身体や服についた汚れを洗い落とす洗剤。,60409
비다,動詞,"あく【空く】。からである【空である】
","ある空間に誰も、もしくは何もない。
",15680
비디오,名詞,"ビデオ
","テレビで、音声と対応する映像。
",60941
빌딩,名詞,ビル,ビルディングの略語。主に事務室が多い、西洋式の高い建物。,71069
빌려주다,動詞,かしだす【貸し出す】。レンタルする,物や金銭などを、後で返してもらったり代金を支払ってもらう約束で、一定の期間使わせる。,92475
빌리다,動詞,かりる【借りる】,他人の物や金銭などを、後で返したり代金を支払う約束で、一定の期間使う。,17824
빠르다,形容詞,はやい【速い】	,"ある動作をするのにかかる時間が短い。
",68755
빠지다,動詞,おちる【落ちる】。おちこむ【落ち込む】。おちいる【陥る・落ち入る】。おぼれる【溺れる】,"水やくぼみなどに落ちて中に入る。
",71273
빨간색,名詞,あかいろ【赤色】。あか【赤】,よく熟したりんごや唐辛子のような色。,26849
빨갛다,形容詞,あかい【赤い】	,"血液や熟れた唐辛子のように鮮明な赤色である。
",71070
빨다,動詞,あらう【洗う】。せんたくする【洗濯する】,"衣服などを水に入れて手でもんだり、洗濯機を利用して汚れを落としたりする。
",65866
빨래,名詞,せんたく【洗濯】。あらいもの【洗い物】,"汚れた衣服や布などを水で洗うこと。
",66638
빨래방,名詞,コインランドリー,洗濯機にコインを入れて洗濯できる施設を整えたところ。,60380
빨래집게,名詞,せんたくばさみ【洗濯挟み】,洗濯物をロープや棒にかけて干すとき、洗濯物が風に飛ばされたり落ちたりしないように挟んでとめる道具。,60381
빨래하다,動詞,せんたくする【洗濯する】。あらう【洗う】,"汚れた衣服や布などを水で洗う。
",61003
빨랫비누,名詞,せんたくせっけん【洗濯石鹸】,洗濯用の石鹸。,61062
빨리,副詞,はやく【早く】,かかる時間が短く。,57305
빵,名詞,"パン
","小麦粉を捏ねて発酵させ、蒸したり焼いたりした食べ物。
",23402
빵집,名詞,パンや【パン屋】。ベーカリー,パンを作って売る店。,61250
빼다,動詞,"ぬく【抜く】。はずす【外す】
","中に入っていたり刺さっているものを外へ出す。
",85714
뽑다,動詞,ぬく【抜く】。ひきぬく【引き抜く】。ぬきとる【抜き取る】,"どこかの中に入っているものを引っ張って取る。
",26962
사,冠形詞/数詞,し・よん【四】	 | よんの【四の】	,"3に1を足した数。
 | 4の。四つの。
","58114,58116"
사거리,名詞,じゅうじろ【十字路】。よつつじ【四つ辻】。よつかど【四つ角】,道が1ヵ所から4つの方向に分かれている場所。,88600
사계절,名詞,しき【四季】,春・夏・秋・冬の4つの季節。,92647
사고,名詞,"じこ【事故】
","思いがけず起こった、望ましくない出来事。
",66370
사과,名詞,りんご【林檎】。アップル　,丸くて赤い、甘酸っぱい味のする果物。,66371
사귀다,動詞,つきあう【付き合う】。こうさいする【交際する】,"知り合って、親しくなる。
",15656
사다,動詞,かう【買う】。こうにゅうする【購入する】,金を払って品物や権利などを自分のものにする。,49419
산,名詞,"やま【山】
","平地よりずっと高くて、木々・草・岩などがある土地。
",20954
살,依存名詞/名詞,"にく【肉】
 | さい【歳・才】
","人間や動物の体で骨を囲む柔らかい部分。
 | 年齢を数える単位。","66883,67887"
살다,動詞,"いきる【生きる】。せいぞんする【生存する】
","生命を持っている。
",69579
삼,冠形詞/名詞/数詞,しん【参】 | さん【三】	 | さん【三】,"人参。野生の人参。 | 2に1を足した数。
 | 3の。
","61855,61854,61980"
삼거리,名詞,さんさろ【三叉路】。みつかど【三つ角】,3つまたに分かれている道。Y字路。,61846
삼겹살,名詞,サムギョプサル,脂肪と肉が三枚重なった、豚の肋骨についた肉。ばら肉。,61847
삼십,冠形詞/数詞,さんじゅう【三十】	 | さんじゅう【三十】,"10の3倍にあたる数。
 | 30の。
","61994,61995"
삼월,名詞,さんがつ【三月】,1年12ケ月の中で3番目の月。やよい。,61884
삼촌,名詞,おじ【叔父・伯父】。おじさん【叔父さん・伯父さん】,親の男兄弟。または、その人を呼ぶ語。,61142
상,名詞,しょう【賞】。ほうび【褒美】,上手にできた事や優秀な成績を褒めて与える物。,62113
새,冠形詞/名詞,"とり【鳥】
 | しん【新】","体に羽や翼があり、2本足の、飛ぶ動物。
 | 既に存在するものではなく、初めてできたものの。
","30197,17884"
새것,名詞,しんぴん【新品】,既存の物ではなく、新しく出たり作った物。,83551
새로,副詞,あたらしく【新しく】。あらたに【新たに】,以前にはなかったものが初めて。,67896
새롭다,形容詞,あたらしい【新しい】,今までのものと違ったり今までにない。,29029
새벽,名詞,よあけ【夜明け】。あけがた【明け方】。あかつき【暁】,日が昇るころ。,62740
색,名詞,いろ【色】,光を受けた物体から表れる明暗や赤・黄・青などの色彩。,20231
색깔,名詞,いろ【色】。しきさい【色彩】,光を受けた物体から表れる光や色。,57307
색소폰,名詞,サックス。サクソフォーン。サキソフォン,口で吹きながら指でタンポを押さえて音程の高低を調節する木管楽器。,63679
샐러드,名詞,サラダ,生野菜や果物にマヨネーズやオイル、お酢などのドレッシングをかけた料理。,62921
생각,名詞,かんがえ【考え】。しこう【思考】,人間が頭を使って判断し、認識する物事。,58162
생각나다,動詞,おもいだす【思い出す】,新しい考えが頭の中に浮かぶ。,62323
생각되다,動詞,おもえる【思える】。おもわれる【思われる】,そう判断されたり、理解される。,71100
생각하다,動詞,かんがえる【考える】。しこうする【思考する】。おもう【思う】,人が頭を使って判断したり認識したりする。,66376
생기다,動詞,できる【出来る】。しょうずる【生ずる】,今までなかった物事がつくられて存在する。,67898
샤부샤부,名詞,しゃぶしゃぶ,薄く切った肉と野菜、海鮮などを、沸騰した出汁に入れて軽く煮て食べる料理。,601711
샤워,名詞,シャワー,雨のように水を噴出させる器具を使用して体を洗うこと。,62296
샤워실,名詞,"シャワーしつ【シャワー室】
",シャワーができるように作られた部屋。,62298
샤워하다,動詞,シャワーをあびる【シャワーを浴びる】,雨のように水を噴出させる器具を使用して体を洗う。,62299
샤프,名詞,シャープペンシル。シャーペン,ノックボタンを押すと芯が少しずつ出てきて、字を書く時に使う筆記用具。,62301
샴페인,名詞,シャンパン。シャンペン。シャンパーニュ,フランスのシャンパーニュ地方でつくられるブドウ酒。炭酸ガスが入っていてさっぱりした味がする、無色のぶどう酒。,62303
샴푸,名詞,シャンプー,髪を洗うときに使う液状の洗剤。,62304
샴푸하다,動詞,シャンプーする,髪を洗う。,62422
서너,冠形詞,さんよん【三四】,"3か４の。
",44821
서넛,数詞,さんよん【三四】,"3か4ぐらいにあたる数。
",62670
서다,動詞,"たつ【立つ】
","人間や動物が地面に足をつけて体をまっすぐにする。
",68756
서두르다,動詞,いそぐ【急ぐ】,早く目的に達するように、慌ただしく行動する。,62311
서랍,名詞,ひきだし【引き出し】,机や箪笥などに取り付け、引き出して開けるようにした、ものを入れるための箱。,62675
서로,副詞/名詞,たがい【互い】。そうほう【双方】 | たがいに【互いに】。そうほうともに【双方ともに】。そうごに【相互に】,対を成したり相対する関係にある相手。 | 関係する二者以上の対象がそれぞれの相手に対して。,"67417,66374"
서로서로,名詞,たがい【互い】。そうほう【双方】,対を成したり相対する関係にある相手を強調していう語。,62865
서류,名詞,"しょるい【書類】
",文字で書き付けた文書。,62870
서른,冠形詞/数詞,さんじゅう【三十】 | さんじゅう【三十】,10の3倍となる数。 | 10の3倍となる数の。,"31570,31571"
서비스,名詞,サービス,製品を直接作らない、販売・観光・金融・医療などの活動。,71116
섞다,動詞,まぜる【混ぜる・交ぜる】。こんごうする【混合する】,二種類以上のものを一緒にする。,71123
선물,名詞,おくりもの【贈り物】。おれい【お礼】。おいわい【お祝い】。プレゼント。ギフト。ごしんもつ【ご進物】,ありがたい気持ちを表現したりめでたい事を祝うために金品などを贈ること。また、そのもの。,36685
선물하다,動詞,おくる【贈る】。プレゼントする。おれいをする【お礼をする】,ありがたい気持ちを表現したりめでたい事を祝うために金品などを贈る。,63131
선배,名詞,せんぱい【先輩】,同分野で先に働き始め、経験や地位などで自分より上の人。,66306
설거지,名詞,さらあらい【皿洗い】。あらいもの【洗い物】。しょっきあらい【食器洗い】,食事を終えた後、食器を洗って片付けること。,62246
설거지하다,動詞,さらあらいする【皿洗いする】。あらいものをする【洗い物をする】。しょっきあらいする【食器洗いする】,食事を終えた後、食器を洗って片付ける。,62247
설명,名詞,せつめい【説明】,ある事柄について、他人が分かりやすい言葉で述べること。また、その言葉。,65116
설명되다,動詞,せつめいされる【説明される】,ある事柄について他人にわかりやすい言葉で述べられる。,45002
설명하다,動詞,せつめいする【説明する】。とく【説く】,ある事柄について他人に分かりやすい言葉で述べる。,65117
설사병,名詞,"げり【下痢】。げりしょう【下痢症】。はらくだり【腹下り】。くだりはら・くだりばら【下り腹】
",腸の消化機能に異常が生じて水分量の多い糞便を排泄すること。 ,63257
설탕,名詞,さとう【砂糖】,水に溶けやすく、食べ物に甘みを出すために使う白い粉。,62507
섬,依存名詞/名詞,しま【島】 | こく【石】	,"四方を水域に囲まれて、まるで水面上に浮いているように見える陸地。  | 穀物・粉・液体などの体積をはかる単位。
","65099,63309"
섭섭하다,形容詞,さびしい【寂しい】,物足りなくて心残りがある。,49056
성,名詞,"せい【姓】。みょうじ【名字】。うじ【氏】
","同じ祖先を持つ人が祖先から受け継いで名前に共通に付ける部分。
",63033
성격,名詞,せいかく【性格】,その人の持つ固有の性質や品性。,62821
성공,名詞,せいこう【成功】。じょうじゅ【成就】,願望して目的にしていたことを成し遂げること。,65100
성공하다,動詞,せいこうする【成功する】。じょうじゅする【成就する】,願って目的にしていたことを成し遂げる。,71126
세,依存名詞/冠形詞,"さん・み・みっつ・みつ【三】
 | さい【歳・才】	","三つの。
 | 年齢を数える単位。
","17194,64008"
세계,名詞,せかい【世界】,地球上のすべての地域・国家。,62444
세계 지도,,せかいちず【世界地図】	,"世界を描いた地図。
",64057
세다,形容詞,つよい【強い】,力が大きい。,64132
세배,名詞,セベ【歳拝】,お正月に目上の人に対するあいさつとして行うお辞儀。,70184
세배하다,動詞,セベする【歳拝する】,お正月に目上の人に対するあいさつとしてお辞儀をする。,70185
세뱃돈,名詞,おとしだま【御年玉】,お正月に目上の人にセベをしてから受け取る金銭。,70186
센터,名詞,センター,サッカー・バレーボール・バスケットボールなどで、競技場の中央。また、中央のポジションに立つ選手。,74826
센티,依存名詞,センチ,長さの単位。,74828
센티미터,依存名詞,センチメートル,長さの単位。,65101
셋,数詞,"さん・み・みっつ・みつ【三】
","二つに一つを足した数。
",29602
셋째,冠形詞/名詞/数詞,みっつめ【三つ目】 | みっつめ【三つ目】 | みっつめ【三つ目】,最初から数えて3番目になること。 | 順番の3番目。 | 順番の3番目の。,"71140,71132,44860"
소,名詞,"うし【牛】
","大型で、褐色または白色と黒色の毛があり、乳を搾って飲んだり、肉を食べたりするために飼う家畜。
",64289
소개,名詞,しょうかい【紹介】,両方の仕事がうまく進められるように努めること。,64301
소개되다,動詞,しょうかいされる【紹介される】,両方の仕事がうまく進められるように努められる。,71142
소개하다,動詞,しょうかいする【紹介する】,両方の仕事がうまく進められるように努める。,84999
소고기,名詞,"ぎゅうにく【牛肉】
",食用とする牛の肉。,92071
소금,名詞,"しお【塩】。しょくえん【食塩】
","しょっぱい味の白い粉。
",61167
속,名詞,うち【内】。なか【中】。なかみ【中身】,皮や殻に包まれている物体の内側の部分。,71278
속도,名詞,そくど【速度】。スピード,ものが動いたり物事が進む速さ。,64215
속옷,名詞,したぎ【下着】。はだぎ【肌着】,衣服の内側に、肌に直接着る衣類。,64274
손,名詞,"て【手】
","手首の先にあり、何かに触ったり、取ったりする時に使う体の部分。
",17608
손가락,名詞,ゆび【指】,指先の5本に分かれている部分。,55504
손거울,名詞,てかがみ【手鏡】,手に持って使える、小さな鏡。,63914
손녀,名詞,まごむすめ【孫娘】,息子の娘。また、娘の娘。 ,15599
손님,名詞,きゃく【客】。らいきゃく【来客】,訪ねてきた人を表す尊敬語。,71279
손바닥,名詞,"てのひら【手の平】。たなごころ【掌】。てのうら【手の裏】
","手の甲の反対の部分で、手の内側。
",63968
손수건,名詞,ハンカチーフ。ハンカチ。ハンケチ,日ごろ携帯して使用する小形の薄い手拭。,65102
손자,名詞,まご【孫】。まごむすこ【孫息子】,息子の息子。また、娘の息子。,63880
쇼핑,名詞,ショッピング。かいもの【買い物】,デパートや商店街を回りながら見物し、買い物をすること。,58107
쇼핑백,名詞,ショッピングバッグ。かいものぶくろ【買い物袋】,商店で購入した品物を入れてくれる、紙やビニールなどで作ったバッグや袋。,64150
쇼핑하다,動詞,ショッピングする。かいものする【買い物する】,デパートや商店街を回りながら見物し、買い物をする。,64153
수,依存名詞/名詞,すい【水】。すいよう【水曜】。すいようび【水曜日】 | て【手】	,"ある事を行うための能力、またはある事態が起こる可能性。
 | 月曜日を基準にした一週の第3日。 | 囲碁や将棋で交代で一回ずつ石や駒を動かす回数を数える単位。
","15615,89523,64159"
수건,名詞,"てぬぐい【手拭い】。てふき【手拭き】。タオル
","体・顔・手の水気を拭くのに使う布。
",26856
수고,名詞,"くろう【苦労】。ろうく【労苦】。ほねおり【骨折り】
",何かをするために力を尽くし、苦しい思いをすること。また、その苦しさ。,15619
수고하다,動詞,くろうする【苦労する】。ろうくする【労苦する】,何かをするのに力を尽くす。,64031
숙모,名詞,おば・しゅくぼ【叔母】,父の弟の妻を指したり呼ぶ語。,64990
숙제,名詞,しゅくだい【宿題】,復習や予習のために児童・生徒に課される放課後の課題。,65226
숙제하다,動詞,しゅくだいをする【宿題する】,復習や予習のために児童・生徒に課される放課後の課題をする。,65235
순두부,名詞,おぼろどうふ【朧豆腐】。くみどうふ【汲み豆腐】,"圧縮する前の、固まりかけの軟らかい豆腐。

",64872
순서,名詞,じゅんじょ【順序】。てじゅん【手順】。だんとり【段取り】,ある基準に従って、前後・左右・上下などに並べられる関係。,64563
숟가락,名詞,さじ【匙・匕】。スプーン,飯などをすくって食べるときに使う道具。,65154
술,名詞,"さけ【酒】
","ビールや焼酎などのようにアルコール成分が入っていて飲めば酔う飲み物。
",65157
술집,名詞,"さかや【酒屋】。のみや【飲み屋】
","酒を売る店。
",65380
숫자,名詞,すうじ【数字】,数を表す字。,65425
쉬다,動詞,やすむ【休む】。くつろぐ【寛ぐ】。きゅうそくする【休息する】。きゅうけいする【休憩する】 | こきゅうする【呼吸する】。いきをする【息をする】,疲れをとるために体を楽にする。 | 鼻や目で息を吸ったり吐いたりする。,"71280,62819"
쉬워지다,動詞,やさしくなる。かんたんになる【簡単になる】,やりづらくなかったり、難しくない状態になる。,600599
쉰,冠形詞/数詞,ごじゅう【五十】 | ごじゅう【五十】,10の5倍となる数。 | 10の5倍となる数の。,"93500,65238"
쉽다,形容詞,"かんたんだ【簡単だ】。よういだ【容易だ】。たやすい【容易い】
","行うのに大変だったり、困難だったりしない。
",66314
슈퍼,名詞,"スーパー
","食べ物や生活に必要な物品などをすべて揃えて売る大きな店。
",65285
슈퍼마켓,名詞,"スーパーマーケット
","食べ物や生活に必要な物品などをすべて揃えて売る大きな店。
",62509
스무,冠形詞,にじゅう【二十】,"20の。
",17822
스물,数詞,にじゅう【二十】,10の2倍にあたる数。,93505
스스로,副詞/名詞,"みずから【自ら】
 | みずから【自ら】 ","自分自身。
 | 他人の力を借りずに、自分の力で。
","62475,62476"
스웨터,名詞,"セーター
","毛糸で分厚く編んだ上着。
",65063
스카프,名詞,"スカーフ
","防寒や装飾のために頭にかぶったり首に巻いたりする、薄くて長い布。
",65057
스케이트,名詞,スケート。アイススケート,氷上を滑走する用具。靴の底に金属製のブレードを取り付けたもの。,15836
스키,名詞,スキー,雪上を滑走するために木やプラスチックで作った細長い板状の用具。,83172
스키장,名詞,スキーじょう【スキー場】,スキーができる施設が整った場所。,15838
스타,名詞,スター,人気の多い芸能人や運動選手。,65066
슬퍼하다,動詞,かなしむ【悲しむ・哀しむ】,涙が出るほど心が痛んで苦しい思いをする。,66565
슬프다,形容詞,かなしい【悲しい・哀しい】,涙が出るほど心が痛んでつらい。,65103
슬픔,名詞,"かなしみ【悲しみ】
","心が痛く、苦しい気持ち。
",65104
습관,名詞,"しゅうかん【習慣】
","長い間、繰り返し行ううちに自然に慣れてきた行動方式。
",65105
시,依存名詞/名詞,"し【市】 | じ【時】 | し【詩】
 | じ【時】","都市を中心とする地方公共団体。 | 人が生まれた時刻。 | 書き手の思いと気持ちをリズムのある形式で表現した文学作品。
 | 一日を24に分けた時、そのうち一つを表す時間の単位。
","57258,65107,15954,65108"
시간,依存名詞/名詞,"じかん【時間】
 | じかん【時間】	","ある時から別の時までの間。
 | 一日の24分の1にあたる時間を表す単位。
","62841,62842"
시간표,名詞,じかんひょう【時間表】。じかんわり【時間割】。タイムテーブル,時間によって仕事などを割り当て、あらわした表。,65811
시계,名詞,"とけい【時計】
","時間を表す機械。
",30190
시골,名詞,いなか【田舎】,都会から離れている地域。主に都会より人口が少なく、開発が進まず自然に接しやすい。,62488
시끄럽다,形容詞,うるさい。さわがしい【騒がしい】。そうぞうしい【騒々しい】,聞きたくないくらい物音が大きくてやかましい。,15961
시내,名詞,"しない【市内】
","都市の中。
",65118
시다,形容詞,すっぱい【酸っぱい】。すい【酸い】 ,"酢の味がする。
",66285
식구,名詞,かぞく【家族】,同じ家に一緒に住んでいる人。,71101
식다,動詞,"さめる【冷める】。ひえる【冷える】
","温かさがなくなる。
",30204
식당,名詞,しょくどう【食堂】。ダイニングルーム,建物の中で食事をするように設備された部屋。,36693
식빵,名詞,"しょくパン【食パン】
","食事のために食べる四角形の淡白なパン。
",65318
식사,名詞,"しょくじ【食事】
","朝、昼、夜のように毎日一定の時間に飲食を食べること。また、その食べ物。
",29596
식사하다,動詞,しょくじする【食事する】,朝、昼、夜のように毎日一定の時間に飲食を食べる。,17855
식중독,名詞,"しょくちゅうどく【食中毒】
","食べ物に入った毒性物質を食べてかかる病気。
",90754
식초,名詞,す【酢】,"原料を発酵させて作る酸っぱい味の液体調味料。
",65326
식탁,名詞,"しょくたく【食卓】
","食べ物を並べておいて、座って食べるときに使うテーブル。
",26869
식품,名詞,"しょくひん【食品】
","人が食べる飲食物。
",66277
신다,動詞,はく【履く】,靴や靴下などの中に足を入れ、足の全部、または一部を覆う。,17192
신랑,名詞,はなむこ【花婿】。おむこさん【お婿さん】。しんろう【新郎】,結婚したばかりの男性。または結婚する男性。,65331
신문,名詞,しんぶん【新聞】,社会で起きる新しい出来事などを広く知らせる定期刊行物。,65337
신문 기자,,"しんぶんきしゃ【新聞記者】
","新聞に載せる記事を探し、作る人。
",65799
신발,名詞,"はきもの【履き物】
","立ったり歩いたりす時、足を保護するためにはく物。
",30213
신발장,名詞,"くつばこ【靴箱】。げたばこ【下駄箱】
","履き物を入れておく家具。
",65877
싣다,動詞,のせる【載せる】。つむ【積む】,何かを運ぶために車、船、飛行機などに入れておく。,58173
실례,名詞,"しつれい【失礼】
","言葉や行動が礼儀に外れること。また、その言葉や行動。
",26872
실례되다,動詞,しついれいする【失礼する】,言葉や行動が礼儀に外れるようになる。,78458
실례하다,動詞,しつれいする【失礼する】,言葉や行動が礼儀に外れる。,66284
실수,名詞,あやまり【誤り】。しっぱい【失敗】。まちがい【間違い】。ミス。ミステーク,よく分からなかったり、十分気をつけていなくて間違えをおかすこと。またその間違え。,64947
실수하다,動詞,あやまる【誤る】。しっぱいする【失敗する】。まちがえる【間違える】。ミスする。ミステークする,よく分からなかったり不注意で過ちを犯す。,14092
싫다,形容詞,いやだ【嫌だ】。きらいだ【嫌いだ】,気に入らない。,57271
싫어지다,動詞,いやになる【嫌になる】。きらいになる【嫌いになる】,気に入らなくなる。,16244
싫어하다,動詞,いやがる【嫌がる】。きらう【嫌う】,何かが気に入らなかったり、ほしくない。,64963
심다,動詞,うえる【植える】,草や木などの根や種を地中に埋める。,64968
심심하다,形容詞,たいくつだ【退屈だ】。つまらない【詰まらない】,"やることがなくて、楽しくない。
",16445
심하다,形容詞,ひどい。はげしい【激しい】。きつい。すごい,度を超している。,65046
십,冠形詞/数詞,"じゅう【十】 | じゅう・とお【十】
","9に1を足した数。 | 十の。
","28847,89595"
십만,冠形詞/数詞,じゅうまん【十万】 | じゅうまん【十万】,1万の10倍となる数。 | 1万の10倍となる数の。,"93501,65680"
십이월,名詞,"じゅうにがつ【十二月】
","1年12ケ月の中で最終の月。
",27764
십일월,名詞,"じゅういちがつ【十一月】
","1年12ケ月の中で11番目の月。
",57272
싱겁다,形容詞,"うすい【薄い】
","食べ物が塩辛くない。
",16472
싱크대,名詞,"ながしだい【流し台】
","調理する材料や器などを洗う台所の家具。
",66094
싶다,補助形容詞,たい,前の言葉が表す内容を実行しようする意図や欲求があるという意を表す「補助形容詞」。,62657
싸다,動詞/形容詞,つつむ【包む】 | やすい【安い】,物や人を紙や布などの中に入れてすっかり覆う。 | 値段が普通より低い。,"65049,29718"
싸우다,動詞,けんかする【喧嘩する】。あらそう【争う】。たたかう【戦う】。いさかう【諍う】,言葉や力で勝とうとする。,29732
쌀,名詞,"こめ【米】
","飯を炊いて食べる、稲の殻を剥いた中身。
",62094
쌀가게,名詞,"こめや【米屋】
","米や麦、豆、小豆などの穀物を売る店。
",66110
쌀가루,名詞,"こめのこ【米の粉】
","米を挽いた粉。
",66109
쌀쌀하다,形容詞,はださむい【肌寒い】。うすらさむい【うすら寒い】,やや寒く感じられるほど空気が冷たい。,66104
쌓다,動詞,つむ【積む】,物を次々と重ねる。,62095
썰다,動詞,きる【切る】。きざむ【刻む】,ナイフやのこぎりなどを、下の方に押しながら前後に動かし何かを切って複数の切れ端が出来る。,29774
쓰다,動詞/形容詞,かく【書く】 | かぶる【被る】 | つかう【使う】。もちいる【用いる】。しようする【使用する】 | にがい【苦い】,鉛筆やペンなどの筆記用具で紙などに線をひいて文字をしるす。 | 帽子やかつらなどを頭の上から覆う。 | 何かをするのに材料や道具、手段などを利用する。 | 薬の味のようだ。,"65172,65173,71285,16488"
쓰레기,名詞,ごみ,剥ぎ取ったほこり、または使えなくなって捨てる予定の物やすでに捨てた物。,29590
쓰레기장,名詞,"ごみすてば【ごみ捨て場】
","ごみを捨てるように決めておいたところ。
",66442
쓰레기통,名詞,"ごみばこ【ごみ箱】
","ごみを入れたり集めておく箱。
",65174
씨,依存名詞,"し【氏】。さん
",その人を高めて呼んだり指していう語。,58145
씹다,動詞,かむ【噛む】。そしゃくする【咀嚼する】,人や動物が食べ物を口に入れて歯で細かく切ったり砕いたりする。,65972
씻다,動詞,"あらう【洗う】。あらいおとす【洗い落とす】。ながす【流す】
","汚れや汚いものを取り除いて、きれいにする。
",17191
아,感嘆詞,あ。あら。や。おお。わあ,驚き、うろたえ、焦りなどの感情を表す時に発する語。,16247
아가씨,名詞,おじょうさん【お嬢さん】,結婚していない若い女性。,65973
아기,名詞,あかんぼう【赤ん坊】。あかご【赤子】,乳を飲んでいる時期の幼い子。,20235
아까,副詞/名詞,さっき。さきほど【先程】。すこしまえ【少し前】 | さっき【先】。さきほど【先程】。せんこく【先刻】,"今から少し前の時。 | 少し前に。
","65974,65975"
아나운서,名詞,"アナウンサー。アナ
",ニュース報道・実況中継・司会などの放送を専門に担当する人。,65976
아내,名詞,"つま【妻】。かない【家内】。にょうぼう【女房】
","結婚して男性の配偶者になった女性。
",30196
아뇨,感嘆詞,いいえ,目上の人からの質問に対し、否定の意を表して答える時にいう語。,65978
아니,副詞/感嘆詞,いや。いえ。ううん,"用言の前について否定や反対の意を表す語。
 | 目下の人、または年齢や地位が同等な人からの質問に対して否定の意を表して答える時にいう語。","65980,65982"
아니다,形容詞,"ではない
","ある事実や内容を否定する意味を表す語。
",26878
아니야,感嘆詞,いや,問いに対して強調しながら、または強く否定して答えるのに用いる語。,29726
아니요,感嘆詞,いいえ,目上の人の問いに対し、否定して答えるのに用いる語。,17189
아들,名詞,むすこ【息子】,男性である子供。,20240
아래,名詞,した【下】,一定の基準より低い位置。,71288
아래위,名詞,じょうげ・うえした【上下】,上と下。,23084
아래쪽,名詞,したのほう【下の方】。かほう【下方】,下になる場所や方向。,71289
악기,名詞,がっき【楽器】,音楽演奏のために使用される器具。,71368
안,副詞/名詞,なか【中】。ないぶ【内部】。うち【内】。おく【奥】,"ある物体や空間の内側。また、その部分。 | 否定や反対の意を表す語。
","74890,71372"
안개,名詞,"きり【霧】
","地上の近くで水蒸気が凝結し、とても小さい水滴となって白く浮遊する現象。
",14777
안경,名詞,めがね・がんきょう【眼鏡】,視力の悪い目がよく見えるようにしたり、風、日光などから守るために目に使う物。,31484
안경점,名詞,めがねや【眼鏡屋】。めがねてん【眼鏡店】,眼鏡やコンタクトレンズを製造したり販売したりする店。,66381
안내,名詞,あんない【案内】。おしらせ【お知らせ】,ある内容を紹介して知らせること。また、その仕事。,88853
안내되다,動詞,あんないされる【案内される】,ある内容が紹介されて知らされる。,66384
안내문,名詞,あんないぶん【案内文】。おしらせ【お知らせ】,ある内容を紹介して知らせる文書。,23344
안내인,名詞,あんないにん【案内人】。ガイド,案内をする人。,66386
안내하다,動詞,あんないする【案内する】,ある内容を紹介して知らせる。,72522
안녕,感嘆詞,げんき【元気】。げんきで【元気で】。さよなら。じゃあ。バイバイ,友人や目下の人と会った時や別れる時にいうあいさつの言葉。,17298
안녕하다,形容詞,あんねいだ【安寧だ】,問題や心配事がなく安らかである。,72523
안녕히,副詞,"あんねいに【安寧に】
","問題や心配事なく安らかに。
",28415
안다,動詞,だく【抱く】。いだく【抱く】,"両腕を広げて胸の方に引っ張ったり、胸でかかえ持ったりする。
",72225
안되다,動詞,"できない。ならない
","事や現象などがうまくいかない。
",73915
앉다,動詞,"すわる【座る】。かける【掛ける】。つく【着く】。こしをおろす【腰を下ろす】
","上半身をまっすぐにした状態で、尻に体重を乗せて、他の物や床に腰を下ろす。
",71463
않다,補助動詞/補助形容詞,ない。しない | くない。でない,前の語の意味する行動を否定するのに用いる「補助動詞」。 | 前の語の意味する状態を否定するのに用いる「補助形容詞」。,"71581,71583"
알다,動詞,"しる【知る】。わかる【分かる】。りかいする【理解する】
","教育・経験・思考などを通じ、事物や状況への情報または知識を備える。
",89445
알람,名詞,アラーム,あらかじめ設定しておいた時刻に鳴るか、危険等を知らせる装置、または音。,601379
알리다,動詞,しらせる【知らせる】,知らなかったことや忘れていたことを知るようにする。,29770
알맞다,形容詞,ほどよい【程好い】。てきとうだ【適当だ】,"一定の基準や条件、程度に過不足なく一致して、ちょうどよい状態である。
",71501
알바,名詞,アルバイト。バイト。ないしょく【内職】,「아르바이트(アルバイト)」の略語で、収入を得るために本業とは別の仕事を臨時にすること。,601381
알아보다,動詞,しらべる【調べる】,知らないことを知るために観察したり調査したりする。,16080
알약,名詞,じょうざい【錠剤】,粉薬を固め、小さい球状に圧縮した薬。,66783
알파벳,名詞,アルファベット,ヨーロッパとアメリカで使う言語を表記するローマ字の字母表。,66644
앞,名詞,"まえ【前】。ぜんめん【前面】
","向かっている方向・所。
",88648
앞쪽,名詞,まえのほう【前の方】。ぜんぽう【前方】,前に向かう方向。,71505
애,名詞,こ【子】。こども【子供】,幼い者。,73967
애인,名詞,こいびと【恋人】,互いに愛し合っている関係にある人。,73134
액션,名詞,アクション,俳優が特定の演技をするために取る行動。,66733
앨범,名詞,アルバム,"写真を貼り付けたり差し入れたりして保存できるように作った本。
",14284
앱,名詞,アプリ,「애플리케이션(アプリケーション)」の略語で、スマートフォンやパソコンなどのオペレーティングシステムで実行されるように開発された応用プログラム。,601387
야,感嘆詞,やあ。おや,驚いた時や誰かに会ってうれしい時に出す声。,58149
야구,名詞,やきゅう【野球】。ベースボール,9人編成の2チームが攻撃と守備を交替しながら、相手チームの投手の投げるボールをバットで打ち、四つの塁を回ってきて得点するスポーツ競技。,62512
야구공,名詞,やきゅうボール【野球ボール】,野球競技に使うボール。,601176
야채,名詞,やさい【野菜】。あおもの【青物】。そさい【蔬菜】,畑で栽培し、その葉や茎、実を食用とする農作物。,90066
약,冠形詞/名詞,"いかり【怒り】
 | くすり【薬】
 | やく【約】。およそ","からかわれたりして、腹が立つ感情。
 | 病気や傷などの治癒や予防に、飲んだり塗ったり注射したりする物質。
 | ある数量に近接しているさま。
","14292,72379,58164"
약간,副詞/名詞,"じゃっかん【若干】。いくらか【幾らか】。たしょう【多少】 | じゃっかん【若干】。たしょう【多少】。すこしばかり【少しばかり】
",数量がそれほど多くないこと。 | それほど多くない数量で。また、いくらか。,"90069,90070"
약국,名詞,やっきょく【薬局】。くすりや【薬屋】,薬剤師が薬を調剤したり、また医薬品を販売する場所。,28647
약사,名詞,やくざいし【薬剤師】,医薬品の調剤や販売などの仕事を職業とする人。,91379
약속,名詞,やくそく【約束】,他人と一定の行動をすることを前もって決めること。また、そう決めた内容。,36695
약속되다,動詞,やくそくされる【約束される】,一定の行動をすることが前もって決められる。,91970
약속하다,動詞,やくそくする【約束する】,他人と一定の行動をすることを前もって決める。,71584
약하다,形容詞,よわい【弱い】,力が少ない。,71619
얇다,形容詞,うすい【薄い】,厚みが少ない。,89859
양말,名詞,くつした【靴下】,糸や布地で作られ、足の保護や防寒などのために足に履くもの。,62513
양복,名詞,スーツ。せびろ【背広】,成人男性の西洋風の正装。,73257
양식,名詞,ようしょく【洋食】。せいようりょうり【西洋料理】,スープやステーキなどのような、西洋風の料理や食事。,14324
얕다,形容詞,あさい【浅い】。ひくい【低い】,表面から底まで、または外側から奥までの距離が短い。,14329
얘기,名詞,はなし【話】  ,ある事実・状態・現象・経験・考えなどについて誰かに話す言葉。 ,74194
얘기되다,動詞,はなされる【話される】。かたられる【語られる】。のべられる【述べられる】,"ある事実・状態・現象・経験・考えなどについて誰かに話す言葉や文章になる。 
",67259
얘기하다,動詞,はなす【話す】。かたる【語る】。のべる【述べる】,"ある事実・状態・現象・経験・考えなどについて誰かに言う。 
",74202
어,感嘆詞,あ。あら。や。おお。わあ,"驚き、うろたえ、焦りなどの感情を表す時に発する語。
",26153
어깨,名詞,"かた【肩】
","首の付け根から腕が胴体に接続する部分の上部にかけての部分。
",29970
어느,冠形詞,"どの。どんな
","多くの中でどんな。
",62822
어두운색,名詞,あんしょく【暗色】。くらいいろ【暗い色】。ダークカラー,暗くて鮮明さの度合いが低い色。,91227
어둡다,形容詞,"くらい【暗い】
","光が無いか弱くて、明るくない。
",89860
어디,代名詞/感嘆詞,"どこ
","知らない場所を指す語。
 | ある事を成し遂げようとして、機会をうかがったり念を押したりするのに用いる語。","60319,60320"
어떠하다,形容詞,どうだ。どんな,考え、感じ、状態、都合などがどういうふうになっている。,72244
어떤,冠形詞,どんな。どのような。どういう,人や物の特徴、内容、性格、形などについて聞く時に用いる語。,17185
어떻다,形容詞,どうだ,考え、感じ、状態、都合などがどういうふうになっている。,70482
어렵다,形容詞,"むずかしい【難しい】
","行うのが複雑だったり、困難だったりする。
",62232
어른,名詞,おとな【大人】。せいじん【成人】,一人前になった人。,72574
어리다,形容詞,"おさない【幼い】
","年齢が低い。
",74176
어린아이,名詞,こども【子供】。じどう【児童】。しょうに【小児】 ,年のいかない幼い子。 ,70503
어린이,名詞,じどう【児童】。こども【子供】,4、5歳から小学生までの幼い子。,36698
억,冠形詞/数詞,おく【億】 | おく【億】,一万の一万倍となる数。 | 一万の一万倍となる数の。,"67175,67176"
언니,名詞,おねえさん【お姉さん】。あね【姉】,女の人がきょうだいや親戚のきょうだいのうち、自分より年上の女の人を指したり呼ぶ語。,31971
언어,名詞,げんご【言語】,人の考えや感情などを表現・伝達するための、音声や文字などの手段。また、その体系。,15101
언제,代名詞/副詞,いつ【何時】 | いつ【何時】,知らないある時。 | 知らないある時に。,"17860,17856"
언제나,副詞,いつも【何時も】。つねに【常に】,どんな時でも。また、どのような時でも変わらず。,67285
얻다,動詞,もらう【貰う】。もらいうける【貰い受ける】,特別な努力や対価なしに与えられて自分のものとする。 ,73863
얼굴,名詞,"かお【顔】。つら・おもて【面】。がんめん【顔面】
","目・鼻・口がある、頭の前の部分。
",17183
얼다,動詞,"こおる【凍る】。いてつく【凍て付く】
","液体や水分を含んだ物体が冷たい外気によって固体の状態になる。
",66572
얼룩말,名詞,しまうま【縞馬】,体は白地に黒の縞模様があり、主にアフリカの草原に群れを成してすむ馬。,67311
얼마,名詞,いくら【幾ら】,不明な数量、値段、程度。,29750
얼마나,副詞,どんなに	,"状態や感情などの程度がとても大変で大きく。
",67316
얼음,名詞,こおり【氷】,水が凍って固まった物。,67327
얼음낚시,名詞,あなづり【穴釣り】,冬に川や湖、貯水池などの水面の氷に穴を開けて行う釣り。,67328
엄마,名詞,ママ。おかあちゃん【お母ちゃん】,くだけた場面で母親を指したり呼ぶ語。,67098
엄지발가락,名詞,あしのおやゆび【足の親指】,五本の足指のうち、1番目にある指。,67344
엄지손톱,名詞,おやゆびのつめ【親指の爪】,手の親指にある爪。,27636
없다,形容詞,"ない【無い】。いない
","人や物などが実際に存在しない状態だ。
",89917
엉덩이,名詞,しり【尻】。けつ。でんぶ【臀部】,座る時に床に接する、腰と太ももの間の肉の多い身体部位。,15128
에어컨,名詞,クーラー,冷たい空気を出させ、湿度を調節する機械。,62514
엘리베이터,名詞,エレベーター。しょうこうき【昇降機】,動力を利用して人や荷物を上昇・下降させ、運搬する装置。,70973
여-,接辞,"じょ【女】
","「女子」という意を付加する接頭辞。
",72505
여권,名詞,りょけん【旅券】。パスポート,外国に旅行・滞在する人の身分や国籍を証明し、相手国にその人の保護を依頼する文書。,70992
여기,代名詞,ここ	,"話し手に近い所をさしていう語。
",17863
여기저기,名詞,あちこち。あちらこちら。あっちこっち,はっきりと決まっていない色々な場所や位置。,70994
여덟,冠形詞/数詞,やつ・やっつ【八つ】。はち【八】 | やつ・やっつ【八つ】。はち【八】,七に一を足した数。 | 七に一を足した数の。,"17284,17282"
여동생,名詞,いもうと【妹】,兄弟のうち、年下の女。,71002
여든,冠形詞/数詞,はちじゅう【八十】 | はちじゅう【八十】,10の8倍となる数。 | 10の8倍となる数の。,"93503,67697"
여러,冠形詞,"いくつかの【幾つかの】。ふくすうの【複数の】。おおくの【多くの】。いろいろな【色色な】
",多くの。,17300
여러분,代名詞,みなさん【皆さん】。みなさま【皆様】,複数の聞き手がいる場合、その聞き手たちを敬って呼ぶ語。,28028
여름,名詞,なつ【夏】,"四季の一つで、春と秋の間の暑い季節。
",67701
여름날,名詞,なつび【夏日】,夏の日。,90645
여름옷,名詞,なつふく【夏服】。なつもの【夏物】,夏に着る衣服。,90762
여보세요,感嘆詞,もしもし,近くにいる相手に呼びかけるときにいう語。,17866
여섯,数詞,むつ・むっつ【六つ】。ろく【六】,五に一を足した数。,29614
역,名詞,えき【駅】,電車・列車などの発着する所。,70724
역사,名詞,"れきし【歴史】
","人間社会が時間と共に興じたり滅びながら変化してきた過程。また、その記録。
",62515
역시,副詞,また【又】。やはり【矢張り】。やっぱり【矢っ張り】,同様に。,67372
연결,名詞,れんけつ【連結】,二つ以上の物や現象などがつながり合ったり関わり合うこと。,13973
연결되다,動詞,れんけつされる【連結される・聯結される】。つながる【繋がる】,二つ以上の物や現象などが互いにつながり合ったりかかわり合うようになる。,62329
연결하다,動詞,れんけつする【連結する・聯結する】。つなぎあわせる【繋ぎ合わせる】,二つ以上の物や現象などが互いにつながり合ったりかかわり合う。,67633
연극,名詞,えんげき【演劇】。しばい【芝居】,俳優が台本に従って、事件や人物を言葉と動作で舞台で演技して見せる芸術。,13977
연락,名詞,れんらく【連絡】,ある事実を伝えて知らせること。,14013
연락처,名詞,れんらくさき【連絡先】,連絡を取り合うことができる電話番号や場所。,14014
연락하다,動詞,れんらくする【連絡する】。つうちする【通知する】。つうほうする【通報する】,ある事実を伝えて知らせる。,62362
열,冠形詞/名詞/数詞,"とお・じゅう【十】 | とお・じゅう【十】
 | ねつ【熱】","九つに一つを足した数。 | 九つに一つを足した数の。
 | 病気の時の高い体温。","67805,67806,67807"
열나다,動詞,はつねつする【発熱する】。ねつがでる【熱が出る】,体温が高くなる。,67817
열다,動詞,あける【開ける】。ひらく【開く】,"閉じているものや鍵のかかっているものをあけ広げる。
",66574
열리다,動詞,あく【開く】。ひらく【開く】,"閉じているものや鍵のかかっているものがあけ広げられる。
",74352
열쇠,名詞,かぎ【鍵】。キー,"錠を開閉する道具。
",26888
열심히,副詞,いっしょうけんめいに【一生懸命に】。ねっしんに【熱心に】	,"何かに精魂を込めて。
",67512
열차,名詞,れっしゃ【列車】,複数の車両を長く連結した汽車や電車。,67586
열흘,名詞,"とおか【十日】
","十日間。
",73258
엽서,名詞,はがき【葉書】。ゆうびんはがき【郵便葉書】,差出人と受取人の住所と用件を1枚の紙に書いて郵便で発送できるように作られた郵便用紙。,67661
영,名詞,れい【零】,"価値の無い数。
",21845
영상,名詞,,セ氏零度以上の温度。,14082
영수증,名詞,りょうしゅうしょ【領収書】。りょうしゅうしょう【領収証】。じゅりょうしょう【受領証】。うけとり【受取】。レシート,金銭や物品を受け渡した事実が書き付けられている紙。,68406
옆,名詞,"よこ【横】。そば【側】。わき【脇】。となり【隣】
","何かの左か、右の側面。
",20243
옆방,名詞,"りんしつ【隣室】
","部屋が連なっている場合、隣の部屋。 
",14125
옆집,名詞,りんか【隣家】。となり【隣】,"隣の家。
",71723
옆쪽,名詞,よこ【横】。よこのほう【横の方】。そくめん【側面】,水平になる横の方向や、横の空間。,22099
예,感嘆詞,はい,目上の人に呼ばれた時に答える語。,73966
예매,名詞,よやく【予約】,乗車券や入場券などを期日より早く前もって購入すること。,22045
예매되다,動詞,よやくされる【予約される】,乗車券や入場券などが期日より早く前もって購入される。,91706
예매하다,動詞,よやくする【予約する】,乗車券や入場券などを期日より早く前もって買っておく。,14135
예쁘다,形容詞,きれいだ【綺麗だ・奇麗だ】。かわいい【可愛い】,目に見て心地よいほど美しい。,89697
예순,冠形詞/数詞,ろくじゅう【六十】 | ろくじゅう【六十】,10の6倍となる数。 | 10の6倍となる数の。,"87910,58134"
예술,名詞,げいじゅつ【芸術】,学問と技術。,70565
옛,冠形詞,むかしの【昔の】	,"過ぎた時の。
",28484
옛날,名詞,"むかし【昔】。せきじつ【昔日】
","遠い過去。
",57273
오,冠形詞/数詞,"ご【五】	 | いつつの【五つの】
","4に1を足した数。
 | 五つの。","31635,31645"
오거리,名詞,ごさろ【五叉路・五差路】,道路が五つの方向へ延びる交差点。,70149
오늘,副詞/名詞,きょう【今日】。ほんじつ【本日】 | きょう【今日】。ほんじつ【本日】,今過ごしているこの日。 | 今過ごしているこの日に。,"68206,68207"
오다,動詞,"くる【来る】。ちかづく【近づく】。やってくる
","何かが他の場所からこちらの方へ動く。
",69514
오래,副詞,ながく【長く】。ながいあいだ【長い間】,長い時間の間。,57308
오래간만,名詞,ひさびさ【久久】。ひさしぶり【久しぶり】,前の出来事があった時から、長い時間が経過した後。,68088
오래되다,形容詞,ひさしい【久しい】。ふるい【古い】,何かが始まったり出来てから長い時間が経っている。,89515
오랜만,名詞,ひさびさ【久久】。ひさしぶり【久しぶり】 ,"前の出来事があった時から、長い時間が経過した後。 
",68090
오랫동안,名詞,ながいあいだ【長い間】。ながらく【長らく】。ひさしく【久しく】。ちょうじかん【長時間】,非常に長い間。,83165
오렌지,名詞,オレンジ,果皮が厚く果汁が豊富な、オレンジ色の丸い果実。 ,68091
오르다,動詞,"のぼる【上る・登る】。あがる【上がる・挙がる】
","人・動物などが低い所から高い所へ、または下から上へ動く。
",69518
온도,名詞,おんど【温度】,暖かさと冷たさの度合い。また、それを示す数値。,67838
올라가다,動詞,あがる【上がる】。のぼる【上る・登る】,"下から上へ、低い所から高い所へ行く。
",89867
올라오다,動詞,あがってくる【上がって来る】。のぼってくる【上って来る・登って来る】,低い所から高い所へ来る。,67841
올리다,動詞,あげる【上げる】。ひきあげる【引き上げる】。たかめる【高める】,値段や数値、気勢などを高くしたり多くしたりする。,22109
올림,名詞,はい【拝】,目上の人へ手紙や贈り物を送る時に、それをさしあげますという意味で自分の名前の後に付ける語。,68194
올림픽,名詞,オリンピック,4年に1度開催される、世界的なスポーツ競技大会。,66577
올해,名詞,ことし・こんねん【今年】。このとし【この年】。ほんねん【本年】,この年。,67842
옳다,形容詞,ただしい【正しい】,規範にかなっている。,67844
옷,名詞,"ふく【服】。ころも【衣】。いふく【衣服】。いしょう【衣装】
","体にまとって、暑さや寒さなどから体を保護し、お洒落をするために着るもの。
",30159
옷걸이,名詞,ハンガー。ようふくかけ【洋服掛け】。えもんかけ【衣紋掛け】,服を掛けるのに使う器具。,68485
옷장,名詞,たんす【箪笥】。ようふくだんす【洋服箪笥】。クローゼット ,衣類を収納する家具。,68496
와,助詞/感嘆詞,わ。わあ | と,思いもかけない出来事に嬉しくて発する語。 | 比較の対象や基準となる対象であることを表す助詞。,"17872,78628"
와이셔츠,名詞,ワイシャツ,男子の背広の下に着る、台襟・カフス付きのシャツ。,22146
와이파이,名詞,Wi-Fi。ワイファイ。むせんLAN【無線LAN】,有線ではなく無線電波を使って、コンピューターや携帯電話をインターネットにつなげたりデータを伝送するシステム。,600950
완전히,副詞,かんぜんに【完全に】。かんぺきに【完璧に】,足りないところがなく、必要な条件がすべて揃っていて欠点などがなく。,67847
왕,名詞,おう【王】,"王位が継承される国で、国を治める人。
",66307
왜,副詞,なぜ【何故】。どうして。なんで【何で】	,"どういう理由で。また、何ゆえ。
",67848
왜냐하면,副詞,なぜなら【何故なら】。なぜならば【何故ならば】。なぜかというと【何故かというと】。どうしてかというと,"どうしてかといえば。
",67850
외국,名詞,"がいこく【外国】
","自国ではなく、他の国。
",68121
외국 영화,,"がいこくえいが【外国映画】
",他国で製作された映画。,69109
외국어,名詞,がいこくご【外国語】,他の国家の言語。,31485
외국인,名詞,がいこくじん【外国人】。いこくじん【異国人】。がいじん【外人】,他の国家の国民。,26210
외국인 등록증,,がいこくじんとうろくしょう【外国人登録証】	,"ある国の中に一定期間以上滞在する外国人に発給される身分証明書。
",68124
외롭다,形容詞,さびしい【寂しい】。こころぼそい【心細い】,一人になったり頼るところがなくて寂しい。,67854
왼손,名詞,ひだりて【左手】,"左がわの手。

",67861
왼쪽,名詞,ひだりがわ【左側】,"人が北側に向かっている時、西側と同じ側。

",30191
요가,名詞,"ヨガ
","古代インドから伝えられている、心身を修行する方法。

",69181
요금,名詞,りょうきん【料金】,"施設を使ったり、見物をするのに支払う金銭。

",67863
요리,名詞,りょうり【料理】,食べ物をこしらえること。,30199
요리되다,動詞,りょうりされる【料理される】	,"料理が作られる。
",68808
요리사,名詞,りょうりにん【料理人】,"料理を作るのを職業とする人。

",26621
요리하다,動詞,りょうりする【料理する】	,"料理を作る。
",9471
우,感嘆詞,うう,つまらないことや間違いなどを非難したり皮肉ってからかう時に出す声。,70048
우리,代名詞,わたくしたち【私達】,話し手が自分と聞き手、またそれを含めた複数の人たちを指す語。,17182
우리나라,名詞,わがくに【我が国】,"韓国人が韓国を自ら指す語。
",70403
운동,名詞,うんどう【運動】,体を鍛えたり健康を保ったりするために体を動かすこと。,69521
운동 경기,,うんどうきょうぎ【運動競技】。スポーツきょうぎ【スポーツ競技】	,"規則に従って個人や団体が運動の技術や実力を競うこと。
",68774
운동복,名詞,うんどうぎ【運動着】。トレーニングウエア ,"運動する時に着る衣服。
",26683
운동장,名詞,うんどうじょう【運動場】。グラウンド,"運動競技、遊びなどができるように様々な器具や施設を設けた広場。
",26891
운동하다,動詞,うんどうする【運動する】,体を鍛えたり健康を保ったりするために体を動かす。,69522
운동화,名詞,うんどうぐつ【運動靴】,"運動をする時に履く靴。
",22460
운전,名詞,うんてん【運転】,機械や自動車などを作動させること。,69304
운전사,名詞,うんてんしゅ【運転手】。うんてんし【運転士】,"機械や自動車などを運転する業務に従事する人。
",26699
운전하다,動詞,うんてんする【運転する】,機械や自動車などを作動させる。,69313
울다,動詞,なく【泣く】,悲しみや痛み、喜びを抑え切れず涙を流す。また、そのように涙を流して声を出す。,69523
울음,名詞,"なき【泣き】
","声をあげて涙を流すこと。
",69526
움직이다,動詞,うごく【動く】。うごかす【動かす】,"姿勢や席などが変わる。また、姿勢や席などを変える。
",58166
웃다,動詞,"わらう【笑う】
","嬉しかったり、満足したり、楽しかったりする時、顔の表情を崩して声を立てる。
",71461
웃음,名詞,わらい【笑い】。えみ【笑み】,笑うこと。または、笑う姿・声。,49095
원,依存名詞,ウォン	,"韓国の通貨単位。
",27771
월,依存名詞/名詞,つき【月】 | げつ【月】  | がつ【月】	,"１ケ月の間。 | 新しい週が始まる初日。
 | 月を数える単位。
","69602,69604,69603"
월급,名詞,げっきゅう【月給】。げっぽう【月俸】。サラリー,仕事の対価として月ごとに支払われる給料。,69619
월요일,名詞,げつようび【月曜日】,"新しい週が始まる初日。
",70069
위,名詞,うえ【上】。かみ【上】,ある基準より高い方。また、中間より高い方。,71462
육,冠形詞/数詞,ろく【六】	 | ろく【六】	,"5に1を足した数。
 | 六つの。
","70820,70821"
육교,名詞,ほどうきょう【歩道橋】,"道路や鉄路を横断するためにかけた橋。
",70865
육십,冠形詞/数詞,"ろくじゅう【六十】
 | ろくじゅう【六十】
",10の6倍にあたる数。 | 60の。,"71104,71105"
으응,感嘆詞,うん。ああ,反問したり肯定したりする時にいう語。,71106
은행,名詞,ぎんこう【銀行】,"金を預かって管理して、必要な人に金を貸す機関。
",71109
은행원,名詞,ぎんこういん【銀行員】,"銀行に勤めている職員。
",72324
음,感嘆詞,うん。ん,相手の言ったことに同意する時に発する語。,71111
음료,名詞,のみもの【飲み物・飲物】。いんりょう【飲料】,"水や水のように飲むすべての液体。
",71112
음료수,名詞,のみみず【飲み水】。いんりょうすい【飲料水】,"飲むための水。
",71113
음식,名詞,"いんしょく【飲食】。しょくじ【食事】。りょうり【料理】。ごちそう【ご馳走】
","ご飯や汁物など、人が食事の時に食べるもの。
",71114
음식점,名詞,いんしょくてん【飲食店】,"食べ物を作って売る店。
",24055
음악,名詞,おんがく【音楽】,"声や楽器で、拍子とリズムを用いて音を出し、考えや感情を表現する芸術。
",71115
음악가,名詞,おんがくか【音楽家】。ミュージシャン,"作曲家、演奏家、声楽家などのように、音楽を専門の仕事とする人。
",71117
응,感嘆詞,うん。あ,相手の呼びかけに答える語。 ,30205
의미,名詞,いみ【意味】,言葉や文章、記号などが示す内容。,62385
의미하다,動詞,いみする【意味する】,言葉や文章、記号などがある物事を示す。,71119
의사,名詞,いし【医師】。いしゃ【医者】,一定の資格をもち、病気の診察や治療を職業とする人。,20256
이,代名詞/冠形詞/名詞/数詞,"は【歯】。しが【歯牙】
 | これ【此れ】 | この
 | に【二】 | に【二】","人間や動物の口の中にあり、何かを噛んだり食物を咀嚼したりする器官。
 | 話し手の近くにあるものや話し手が考えていることを指す語。 | 話し手の近くにあるか、話し手が考えている対象を指す語。
 | １に１を足した数。 | 2の。","69529,27527,71687,71125,71127"
이거,代名詞,これ【此れ】,話し手の近くにあるものや話し手が考えていることを指す語。,71128
이것,代名詞,"これ
","話し手の近くにあるか、話し手が考えている対象を指す語。
",44878
이곳,代名詞,ここ【此処・此所・此・是・爰・茲】。こちら【此方】。こっち【此方】,話し手に近いところを指す語。,71130
이기다,動詞,"かつ【勝つ】。うちかつ【打ち勝つ】。まかす【負かす】
","賭け事・試合・ケンカなどで、相手を制して良い結果を出す。
",71688
이날,名詞,このひ【此の日】。そのひ【其の日】。とうじつ【当日】,"前述した日。
",71133
익다,動詞,"じゅくする【熟する】。みのる【実る】。うれる【熟れる】
","果実や種が十分に実る。
",63510
익숙하다,形容詞,なれる【慣れる】,何度も経験してうまくできる。,24991
익숙해지다,動詞,なれる【慣れる】,何度も経験してうまくできるようになる。 ,89797
인기,名詞,"にんき【人気】
","ある対象に対する多くの人の関心や好きな気持ち。

",70758
일,依存名詞/冠形詞/名詞/数詞,"しごと【仕事】 | にち【日】 | いちにち【一日】 | にち【日】 | いち【一】 | いち【一】。ひとつ【一つ】
","何かを成すために体や精神を使う活動。また、その活動の対象。 | 月曜日を基準にした一週の最終の日。

 | 1日の間。

 | 日や日数を数える単位。 | 数字を数える時、一番最初の数。
 | 一つの。
","91895,72294,89863,62598,31523,31528"
일곱,冠形詞/数詞,ななつ【七つ】。しち・なな【七】 | ななつ【七つ】。しち・なな【七】,"六に一を足した数。
 | 六に一を足した数の。
","70778,70777"
일기,名詞,にっき【日記】,"毎日、日々の出来事や考え、感想などを記した文。

",70780
일기 예보,,てんきよほう【天気予報】,"これからの天気を予測して新聞や放送などを通じて知らせること。
",72207
읽다,動詞,よむ【読む】,文字や文章を見て、発音通り声に出して言う。,68752
잃다,動詞,うしなう【失う】。わすれる【忘れる】。なくす【無くす】。おとす【落とす】。ふんしつする【紛失する】,持っていた物が知らないうちになくなって、これ以上持たなくなる。,17177
잃어버리다,動詞,うしなう【失う】。わすれる【忘れる】。なくす【無くす】。ふんしつする【紛失する】,"持っていた物を落として、これ以上持たなくなる。 
",68753
입,名詞,くち【口】,物を食べて声を出す器官で、唇から喉までの部分。,62276
입구,名詞,いりぐち【入り口】,"中に入れる門や通路。

",92072
입다,動詞,きる【着る・著る】。はく【穿く】,衣類などを身につける。,17174
입술,名詞,くちびる【唇】,"人の口を囲む赤くて柔らかい皮膚。
",75753
있다,動詞/形容詞,いる【居る】 | いる【居る】,人や動物がある場所を離れずに留まる。 | 人、動物、物体などが存在する。,"68796,68797"
잊다,動詞,わすれる【忘れる】,"覚えていたことが思い出せなくなる。
",70067
잊어버리다,動詞,わすれる【忘れる】,"覚えていたことの一部、または全部が思い出せなくなる。
",89801
잎,名詞,は【葉】。はっぱ【葉っぱ】,茎の端や側面についている、植物の緑色の平たい形の栄養器官。,70793
자기소개,名詞,じこしょうかい【自己紹介】,"初対面の人などに自分の名前・職業・趣味などを自分で知らせること。
",73940
자꾸,副詞,しきりに【頻りに】。ひっきりなしに【引っ切り無しに】,何度も繰り返して。,70796
자다,動詞,"ねむる【眠る】。ねる【寝る】
","目を閉じて体と精神の活動を止め、しばらく休んでいる状態になる。
",69511
자동차,名詞,じどうしゃ【自動車】。くるま【車】。カー,"エンジンの力によって車輪を回転させ、路上を走るように作った車。
",70799
자동판매기,名詞,じどうはんばいき【自動販売機】。じはんき【自販機】,"硬貨・紙幣を差し入れると、自動的に目的の物品が得られる装置。
",73949
자라다,動詞,そだつ【育つ】。せいちょうする【成長する】。のびる【伸びる】,"生物が部分的に、または全体的に段々大きくなる。
",66317
자랑,名詞,じまん【自慢】。ほこり【誇り】,自分、または自分に関係のある人・物事が、人に褒められるようなものであると、公に誇ること。,24772
작년,名詞,さくねん【昨年】。きょねん【去年】,今年の直前の年。,30184
작다,形容詞,"ちいさい【小さい】
","長さ・広さ・嵩などが他のものや普通のものより劣る。
",69513
작아지다,動詞,ちいさくなる【小さくなる】。ちぢまる【縮まる】,小さい状態になる。,71201
작은-,接辞,,「最初に生まれた子でない」という意を添加する接頭辞。,88933
작은누나,名詞,,二人以上の姉の中で、長女でない姉。,76093
작은방,名詞,こべや【小部屋】,家の中に、大部屋と一緒にある部屋。,76100
작은아버지,名詞,おじ【叔父】,父の弟を指したり呼ぶ語。普通、結婚した弟をいう。,24830
작은어머니,名詞,おばさん【叔母さん】,父親の弟の妻を指したり呼ぶ語。,24833
작은언니,名詞,,二人以上の姉の中で、長女でない姉。,76102
작은엄마,名詞,おばちゃん【叔母ちゃん】,叔母をいう幼児語。,76103
작은오빠,名詞,,二人以上の兄の中で、長男でない兄。,76104
작은형,名詞,,二人以上の兄の中で、長男でない兄。,76107
잔,名詞,"コップ。ゆのみ【湯呑み】
","水や茶などを飲むのに用いる小さい器。
",17371
잔치,名詞,えん【宴】。えんかい【宴会】。さかもり【酒盛り・酒盛】,めでたい時に、人々が集まって飲食などをして楽しむこと。,69897
잘,副詞,"よく
","正しく善良に。
",58939
잘되다,動詞,はかどる【捗る】。せいこうする【成功する】。よくできる【良く出来る】,ある事や現象が順調に進む。,62302
잘못,副詞/名詞,あやまり【誤り・謬り】。あやまち【過ち】。まちがい【間違い】。おちど【落ち度・落度・越度】 | まちがえて【間違えて】。あやまって【誤って】,やりそこなうことや正しくないこと。 | 正しくなく。,"62477,62478"
잘못되다,動詞,まちがう【間違う】。まちがえる【間違える】。あやまる【誤る・謬る】,やりそこなったり失敗したりするようになる。,91481
잘못하다,動詞,あやまつ【過つ】。わるい【悪い】,正しくない行動をする。,69936
잘생기다,動詞,かっこういい【格好いい】,顔立ちが美しい。,24881
잘하다,動詞,ただしい【正しい】,道理にかなっている。,70073
잠,名詞,"ねむり【眠り】。すいみん【睡眠】
","目を閉じて体と精神の活動を止め、しばらく休んでいる状態。
",70078
잠깐,副詞/名詞,ちょっと【一寸・鳥渡】。すこし【少し】。つかのま【束の間】 | ちょっと【一寸・鳥渡】。すこし【少し】,ごく短い間。 | ごく短い間に。,"57312,57313"
잠바,名詞,ジャンパー。ジャンバー,ゆったりして重ね着できる、活動しやすい上着。,24856
잠시,副詞/名詞,ざんじ【暫時】。しばらく【暫く・姑く・須臾】。しばし【暫し】 | ざんじ【暫時】。しばらく【暫く・姑く・須臾】。しばし【暫し】,短い時間。 | 短い時間に。,"71203,26895"
잠자다,動詞,ねる【寝る・寐る】。ねむる【眠る・睡る】,心身の活動が止まって、一時的に休む。,57314
잡다,動詞,にぎる【握る】。つかむ【掴む・攫む】。とる【取る】。つかまえる【摑まえる・捉まえる】。とらえる【捕える】,手でしっかりと握り持つ。　,70378
잡수다,動詞,めしあがる【召し上がる】,食物を口に入れ、かんで飲み込むことを表す尊敬語。,24630
잡수시다,動詞,めしあがる【召し上がる】,「食べる」の尊敬語。,71205
잡지,名詞,ざっし【雑誌】。マガジン,様々な内容の記事や写真、広告などを集めて、定期的に発行する本。,62518
장,依存名詞/名詞,しょう【章】 | まい【枚】。ちょう【張】,文章の内容を体系的に分ける区分の一つ。 | 紙やガラスなど、薄く平たいものを数える単位。,"73814,29607"
장갑,名詞,てぶくろ【手袋】,布、糸、皮などで作って、手の保護・防寒などのために手にはめるもの。,24764
장난감,名詞,おもちゃ【玩具】。がんぐ【玩具・翫具】,子供が手に持って遊ぶ色々なもの。,71207
장마,名詞,つゆ【梅雨・黴雨】,夏に数日にかけて雨が降り続く現象や天気。また、その雨。,71700
재료,名詞,ざいりょう【材料】,ものを作る時に使われるもの。,71211
재미,名詞,"たのしみ【楽しみ】。きょうみ【興味】
","ある物事が与える楽しい気分や感じ。
",75754
재미없다,形容詞,おもしろくない【面白くない】。つまらない【詰まらない】,楽しくて愉快な感じがない。,57315
재미있다,形容詞,おもしろい【面白い】。おもしろおかしい【面白おかしい】。おかしい【可笑しい】,楽しくて愉快な気持である。,71212
재밌다,形容詞,おもしろい【面白い】。おもしろおかしい【面白おかしい】。おかしい【可笑しい】,楽しくて愉快な気持である。,24916
저,代名詞/冠形詞/感嘆詞,わたくし【私】 | あれ【彼】 | あの【彼の】 | あの【彼の】。あのう,目上の人に対して自分をへりくだっていう語。 | 話し手と聞き手から遠く離れている対象を指す語。 | 話し手と聞き手から遠く離れている対象を指す語。 | 言葉に詰まった時に用いる語。,"44506,71214,71215,71216"
저거,代名詞,あれ【彼】,話し手と聞き手から遠く離れているものを指す語。,29739
저것,代名詞,あれ【彼】,話し手と聞き手から遠く離れているものを指す語。,31952
저곳,代名詞,あそこ【彼処・彼所】。あちら【彼方】。あっち【彼方】,話し手や聞き手から遠く離れているところを指す語。,71217
저금,名詞,ちょきん【貯金】,金をためたり、銀行などの金融機関に預けたりすること。また、その金。,74072
저금하다,動詞,ちょきんする【貯金する】,金をためたり、銀行などの金融機関に預けたりする。 ,74073
저기,代名詞,あそこ【彼処・彼所】。あちら【彼方】。あっち【彼方】,話し手や聞き手から遠く離れているところを指す語。 ,71218
저녁,名詞,ゆうがた【夕方】。ひぐれ【日暮れ】。ゆうぐれ【夕暮れ】,日が暮れ始めて夜になるまでの間。,71220
저런,冠形詞,あんな,"状態、形、性質などがあのような。
",71222
저렇다,形容詞,ああだ,"性質・形・状態などがあのようである。 
",71226
적다,動詞/形容詞,かく【書く】。しるす【記す】 | すくない【少ない】,ある内容を文章で表す。 | 数量、程度が一定基準に及ばない。,"71234,62051"
적당하다,形容詞,てきとうだ【適当だ】,"基準、条件、程度にほどよくあてはまる。
",70823
전,冠形詞/名詞/品詞なし,"わたくしは【私は】 | まえ【前】。いぜん【以前】。さきごろ【先ごろ】。せんだって【先だって】
 | チヂミ | ぜん【前】","「저는」の縮約形。 | 過去の、ある時。
 | 薄切りしたり微塵切りしたりした魚、肉、野菜などに味付けをした後、小麦粉をつけて油で焼いたもの。 | 以前の。","74034,17301,74033,17306"
전공,名詞,せんこう【専攻】,ある分野を専門的に研究したり勉強したりすること。また、その分野。,70828
전공하다,動詞,せんこうする【専攻する】,ある分野を専門的に研究したり勉強したりする。,25111
전기,名詞,でんき【電気】,光や熱を発生させたり、機械などを動かしたりするのに使われるエネルギー。,70829
절,品詞なし,わたくしを【私を】,「저를」の縮約形。,83534
젊다,形容詞,わかい【若い】,年齢が少なくて生気に満ちている。,75773
점수,名詞,てんすう【点数】,成績を表す数字。,70866
점심,名詞,ひる【昼】。ちゅうしょく・ちゅうじき【昼食】。ひるめし【昼飯】。ランチ,朝と夕方の間に食べる食事。,70868
점심시간,名詞,ひるやすみ【昼休み】。ランチタイム,昼食をとるための時間。 ,26896
점점,副詞,だんだん【段段】。しだいに【次第に】。じょじょに【徐徐に】。ますます【益益・益・増す増す】,時間が経つにつれ、程度が少しずつはなはだしくなるさま。,70871
접다,動詞,おる【折る】。たたむ【畳む】,布や紙などを曲げて重ねる。,31735
접시,名詞,さら【皿】,食物を盛る、浅くて平たい容器。,70874
젓가락,名詞,はし【箸】,食べ物などを挟み取るのに用いる、2本で一対の細長い道具。,77501
정거장,名詞,ていりゅうじょ【停留所】。ていりゅうじょう【停留場】。のりば【乗り場・乗場】,客の乗り降りのためにバスや汽車などがとまる場所。,31739
정도,名詞,ていど【程度】。どあい【度合・度合い】。ど【度】,物事の性質や価値を優劣や多少、高低などで表す分量や水準。,70876
정류소,名詞,ていりゅうじょ【停留所】。ていりゅうじょう【停留場】。のりば【乗り場・乗場】,客の乗り降りのためにバスやタクシーなどがとまる場所。,76286
정류장,名詞,ていりゅうじょう【停留場】。ていりゅうじょ【停留所】。のりば【乗り場・乗場】,客の乗り降りのためにバスやタクシーなどがとまる場所。,62519
정리,名詞,せいり【整理】,乱れた状態にあるものを一か所に集めたり片づけたりすること。,75781
젖다,動詞,ぬれる【濡れる】。しめる【湿る】,液体が染み込んで湿っぽくなる。,64729
제,代名詞/品詞なし,わたくし【私】 | わたくしの【私の】,話し手が自分をへりくだっていう語である「저」に助詞「가」がつく時の形。 | 話し手が自分自身をへりくだっていう語である「저」に「의」が付いた「저의」の縮約形。,"75821,75826"
제목,名詞,だいもく【題目】。ひょうだい【表題・標題】。タイトル,文章や映画、公演などで、中心となる内容を表すために付ける名前。,70897
조금,副詞/名詞,すこし【少し】。わずか【僅か・纔か】。ちょっと【一寸・鳥渡】 | すこし【少し】。わずか【僅か・纔か】。ちょっと【一寸・鳥渡】,少ない分量や少ない程度。 | 分量や程度が少ないさま。,"61176,61177"
조금씩,副詞,すこしずつ【少しずつ】。じょじょに【徐徐に】,わずかな程度で続くさま。,91751
조깅,名詞,ジョギング,健康維持のために適度な速度でゆっくり走る運動。,24587
졸다,動詞,いねむる【居眠る】。いねむりする【居眠りする】。うとうとする,浅い眠りに落ちている状態になる。,63501
졸업,名詞,そつぎょう【卒業】,学校で決まった教科課程をすべて修了すること。,31842
졸업하다,動詞,そつぎょうする【卒業する】,学校で決まった教科課程をすべて修了する。,91755
좀,副詞,すこし【少し】。わずか【僅か・纔か】。ちょっと【一寸・鳥渡】,分量や程度が少ないさま。,75798
좁다,形容詞,せまい【狭い】,地面や床などの面積が少ない。,75801
좁아지다,動詞,せまくなる【狭くなる】。ちぢまる【縮まる】,狭くなる。,601647
종류,名詞,しゅるい【種類】,ある基準に沿っていくつかに分けたそれぞれのもの。,58195
종업원,名詞,じゅうぎょういん【従業員】,職場などで、ある業務に従事する人。,91757
종이,名詞,かみ【紙】。ペーパー,木を原料にして薄く作ったもので、文字を書いたり絵を描いたり印刷をしたりするなど、様々なことに用いられるもの。,75802
좋다,形容詞,よい【良い・善い】。うまい【旨い】,性質や内容などが立派で、満足できるくらいである。,79033
좋아,感嘆詞,よし,固く決心した時に発する語。,91761
좋아하다,動詞,このむ【好む】。すきだ【好きだ】,何かに対し、良い感情を持つ。,27929
죄송하다,形容詞,もうしわけない【申し訳ない・申訳ない】,罪を犯したかのように、たいへんすまない。,91763
주,依存名詞/冠形詞/名詞,ちゅう【注・註】 | しゅう【週】 | しゅたる【主たる】。おもな【主な】,文章や言葉のある部分に対し、その意味を詳しく理解できるように書いておいた文句。 | 月曜日から日曜日までの7日間を一区切りとして数える単位。 | 基本や中心となるさま。,"90815,46811,91765"
주다,動詞/補助動詞,あたえる【与える】。やる【遣る】。くれる【呉れる】。あげる【上げる】 | くれる【呉れる】。あげる【上げる】。やる【遣る】,物などを他人に渡して持たせたり使わせたりする。 | 前の言葉が表す行動が他人に影響するか、他人のための行動であることを表す語。,"82136,77245"
주로,副詞,おもに【主に】,基本や中心となるさま。,91767
죽다,動詞,しぬ【死ぬ】。しぼうする【死亡する】。かれる【枯れる】,"生物が生命を失う。
",20851
준비,名詞,じゅんび【準備】。ようい【用意】	,"前もって必要なものを揃えておく。
",86434
준비되다,動詞,じゅんびされる【準備される】。よういされる【用意される】	,"前もって必要なものが揃えられる。
",86436
준비하다,動詞,じゅんびする【準備する】。よういする【用意する】	,"前もって必要なものを揃えておく。
",86437
줄,名詞,つな【綱】。なわ【縄】。ひも【紐】,何かを縛ったり結んだりする時に使われる細長いもの。,64702
줄다,動詞,へる【減る】。げんしょうする【減少する】。ちぢむ【縮む】	,"物の長さや広さ、かさなどが元の水準より小さくなる。
",82138
줄이다,動詞,へらす【減らす】。げんしょうさせる【減少させる】。さげる【下げる】。おとす【落とす】。よわめる【弱める】。おとろえさせる【衰えさせる】,"物の長さ、広さ、かさなどを元の水準より小さくする。
",62102
줍다,動詞,ひろう【拾う】。ひろいあげる【拾い上げる】	,"地面に落ちていたりばらばらになっている物を取り上げて手にする。
",82140
중,依存名詞,"なか【中】
","いくつかの中。
",79404
중간,名詞,"ちゅうかん【中間】。あいだ【間】
",二つのものの間。,82141
중간시험,名詞,ちゅうかんテスト【中間テスト】。ちゅうかんこうさ【中間考査】。ちゅうかんしけん【中間試験】,"各学期の中間に学生たちの学業状態を評価するために行う定期試験。
",77169
중국집,名詞,ちゅうごくりょうりてん【中国料理店】。ちゅうかりょうりや【中華料理屋】,"中華料理を販売する食堂。
",26017
즐거워하다,動詞,たのしそうにする【楽しそうにする】。よろこぶ【喜ぶ】。うれしがる【嬉しがる】,うれしく思い、喜ぶ。,27742
즐겁다,形容詞,たのしい【楽しい】,"気に入って喜ばしく思い、うれしい。
",62101
즐기다,動詞,たのしむ【楽しむ】	,"楽しく感じ、思いっきり享受する。
",91878
지,依存名詞,,"ある事柄の起きた時から今までの期間を表す語。
",91881
지각,名詞,ちこく【遅刻】	,"決められた時刻に遅れて出社したり登校すること。
",91667
지각하다,動詞,ちこくする【遅刻する】,決まった時間より遅れて出勤したり登校する。,93724
지갑,名詞,さいふ【財布】。かねいれ【金入れ】。さついれ【札入れ】	,"金銭、カード、名刺などを入れて持ち歩くことができるように革や布などで作ったもの。
",31502
지금,副詞/名詞,"いま【今】。ただいま【ただ今】	 | いま【今】。ただいま【ただ今】
","話をしているこの瞬間。または即時に。
 | 話をしているこの瞬間。","62522,62523"
지나가다,動詞,すぎる【過ぎる】。すぎゆく【過ぎ行く】。すぎさる【過ぎ去る】	,"時間が経ってある時期が終わる。
",60216
지나다,動詞,すぎる【過ぎる】。たつ【経つ】。へる【経る】,"時間が経過して、その時期から遠ざかる。
",82142
지난달,名詞,せんげつ【先月】。ぜんげつ【前月】。きょげつ・きょがつ【去月】。あとげつ【後月】,今月のすぐ前の月。,26900
지난번,名詞,このまえ【この前】。このあいだ【この間】。ぜんかい【前回】。さき【先】。さっき。さきごろ【先ごろ】	,"話している時を基準に、以前の順番や過ぎた時。
",71316
지난주,名詞,せんしゅう【先週】,"今週のすぐ前の週。
",58105
지난해,名詞,きょねん【去年】。さくねん【昨年】	,"今年のすぐ前の年。
",49314
지내다,動詞,すごす【過ごす】。くらす【暮らす】。せいかつする【生活する】	,"一定の程度や状態で生活したり生きていく。
",17173
지다,動詞,まける【負ける】。やぶれる【敗れる】,"競技や戦いなどで相手に勝てない。
",63606
직원,名詞,しょくいん【職員】,"一定の職場に所属されて働く人。
",62466
직장,名詞,しょくば【職場】。つとめさき【勤め先】。きんむさき【勤務先】	,"報酬をもらって働く場所。
",58297
직접,副詞/名詞,ちょくせつ【直接】	 | ちょくせつ【直接】	,"間に他人や他の物を挟まずにストレートにつながる関係。
 | 間に他人や他の物を挟まずにストレートに。
","71497,71493"
질문,名詞,しつもん【質問】	,"知らない点や知りたい点を尋ねること。
",63663
질문하다,動詞,しつもんする【質問する】。きく【聞く】。たずねる【尋ねる】	,"知らない点や知りたい点を尋ねる。
",71550
짐,名詞,に【荷】。にもつ【荷物】,"他のところに運搬するためにまとめておいた物。
",71357
집,名詞,いえ【家】。す【巣】,"人や動物が寒さや暑さなどを避けて、その中で住むために作った物。
",71358
집들이,名詞,ひっこしいわい【引っ越し祝い】	,"引っ越した後で親しい人々を招待して家を見せ、ご馳走でもてなすこと。
",78393
집들이하다,動詞,ひっこしいわいをする【引っ越し祝いをする】,引っ越した後で親しい人々を招待して家を見せ、ご馳走でもてなす。,601319
집안일,名詞,かじ【家事】	,"掃除や洗濯、料理など、家の中でする仕事。
",37042
짓다,動詞,"つくる【作る・造る】。たく【炊く】。ぬう【縫う】。したてる【仕立てる】。たてる【建てる】
","材料を持ってご飯・衣服・住宅などをつくる。
",66585
짜다,形容詞,しおからい【塩辛い】。しょっぱい。からい【辛い】	,"塩のような味がする。
",71578
짜증,名詞,かんしゃく【癇癪】。いらだち【苛立ち】,"気に入らなくて腹を立てたり嫌な気分を表現すること。また、そのような性格。
",71579
짝,名詞,つい【対】。ペア。パートナー。かたほう【片方】,"二つ揃って一組や一着を成すもの。また、そのうち一つ。
",37141
짧다,形容詞,みじかい【短い】	,"空間や物体の端から端までの隔たりが小さくて近い。
",71363
짧아지다,動詞,みじかくなる【短くなる】	,"長さが短くなる。
",71580
쪽,依存名詞,ほう【方】。がわ【側】。ほうめん【方面】	,"何かに向かって進む方向。
",58147
찌개,名詞,チゲ,少なめの出し汁に肉や豆腐、野菜などを入れ、コチュジャンまたはテンジャンなどで味付けをして煮立てたやや塩辛い料理。,26901
찌다,動詞,ふとる【太る】。にくがつく【肉が付く】	 | むす【蒸す】。むしあつい【蒸し暑い】	,"体に肉が付いて太る。
 | まるで湯気に当たるように湿度が高くて暑さがこもる。
","62375,37216"
찍다,動詞,つける【付ける】	,"平たい所に押し付けて跡を作る。
",63320
차,名詞,ちゃ【茶】。おちゃ【お茶】 | くるま【車】 ,"良い香りや味のある植物の葉・根・実などを煎じたりお湯を注いで味を出した飲料。
 | 車輪がついていて、人や荷物を運ぶ機関。
","61117,62525"
차갑다,形容詞,つめたい【冷たい】。ひえている【冷えている】。ひえびえしている【冷え冷えしている】,肌に触る感覚が冷たい。,71730
차다,動詞/形容詞,みちる【満ちる・充ちる】。つまる【詰まる】  | ける【蹴る】。けとばす【蹴飛ばす】。けあげる【蹴上げる】。けりあげる【蹴り上げる】 | つける【着ける】。はめる	 | つめたい【冷たい】。ひえている【冷えている】	,"ある空間がこれ以上入れないほどいっぱいになる。
 | 足を伸ばして勢いよく突いたり、突いて飛ばす。 | 物を腰・手首・足首などに下げたり着けたり通す。
 | 温度が低くて温かい感じがない。
","37227,71365,37233,37235"
차례,名詞,じゅんじょ【順序】。じゅんばん【順番】。じゅん【順】。ばん【番】,物事を行ったり物事が起こる手順。,62410
착하다,形容詞,ぜんりょうだ【善良だ】。よい【良い】。やさしい【優しい】	,"気立てや行動などが穏やかで正しくて優しい。
",71732
찬물,名詞,れいすい【冷水】,冷たい水。,71464
찬성,名詞,さんせい【賛成】	,"人の意見や考えなどが良いと認めて、それに同意すること。
",24805
찬성하다,動詞,さんせいする【賛成する】	,"人の意見や考えなどが良いと認めて、それに同意する。
",24812
참,名詞/感嘆詞,やすみ【休み】。ひま【暇】。あいま【合間】	 | あっ。そういえば。そうだ,"仕事の合間の休憩時間。
 | 忘れていたことを突然思い出した時に出す声。","71465,71771"
참다,動詞,こらえる【堪える・怺える】。しのぶ【忍ぶ】。たえる【耐える・堪える】,"笑い、涙、痛み、咳などのような生理的な現象を抑えて我慢する。
",29772
참외,名詞,まくわうり【真桑瓜】,"皮が黄色くて甘い味がする、夏によく食べる果物。

",24873
창문,名詞,まど【窓】	,"空気や太陽光が入ってこられるように壁や屋根に作っておいた門。
",71809
찾다,動詞,さがす【探す】。さがしもとめる【探し求める】。みつける【見付ける】。たずねる【尋ねる】。あう【会う】,物事を得ようとしたり誰かに会うためにあちこちを巡る。また、それを手に入れたりその人に会う。,57320
찾아가다,動詞,あいにいく【会いに行く】。たずねていく【訪ねて行く】。おとずれる【訪れる】。ほうもんする【訪問する】,人に会うか、仕事をしに行く。,71812
찾아보다,動詞,たずねる【訪ねる】。おとずれる【訪れる】。ほうもんする【訪問する】,ある人のいる所に行って、その人に会う。,29758
찾아오다,動詞,やってくる【やって来る】。たずねてくる【訪ねて来る】。おとずれてくる【訪れて来る】,人に会うか、仕事をしに来る。,60322
채소,名詞,やさい【野菜】。そさい【蔬菜】。あおもの【青物】,畑で栽培され、主にその葉っぱや茎、実などを食べる農作物。,72036
책,名詞,ほん【本】。しょもの【書物】。しょせき【書籍】。さっし【冊子】,文章や絵などを印刷してまとめたもの。,71468
책방,名詞,ほんや【本屋】。しょてん【書店】,本を売る店。,24922
책상,名詞,つくえ【机】。ふづくえ【文机】。デスク,本を読んだり文章を書いたり事務をする時に前において用いる台。,72039
책장,名詞,ほんばこ【本箱】。ほんだな【本棚】,本を入れておく家具。,78697
처음,名詞,いちばんはじめ【一番初め】。さいしょ【最初】,順序や時間の上で一番先。,17170
천,冠形詞/数詞,せん【千】 | せん【千】,"百の十倍になる数。
 | 百の十倍になる数の。
","17167,17169"
천만,冠形詞/名詞/数詞,せんまん【千万】 | せんまん【千万】 | せんまん【千万】。せんまんの【千万の】,"非常に多い数。
 | 1万の千倍に当たる数。 | 1万の千倍に当たる数の。","77554,77552,77551"
첫,冠形詞,はつ【初】。さいしょ【最初】,"初めての。
",77610
첫날,名詞,しょにち・しょじつ【初日】,物事が新しく始まる日。,72056
첫째,冠形詞/名詞/数詞,いちばん【一番」。だいいち【第一】。だいいちい【第一位】。さいこう【最高】。トップ | いちばんめ【一番目】。だいいち【第一】  | いちばんめの【一番目の】。はじめての【初めての】。さいしょの【最初の】。だいいちの【第一の】,何よりも優先になるもの。第一。 | 一番先となる順序。 | 最初の順番の。,"17313,17310,17309"
첫해,名詞,しょねん【初年】。しょねんど【初年度】。だいいちねん【第一年】,物事の初めの1年。,77849
청년,名詞,せいねん【青年】。わかもの【若者】。わこうど【若人】,肉体的・精神的に成長した若い人。,72119
청바지,名詞,ジーンズ。ジーパン。デニム,丈夫な綿布で作った青色のズボン。,30117
청소,名詞,せいそう【清掃】。そうじ【掃除】,汚いものやゴミ、ほこりなどをきれいに取り去ること。,32789
청소년,名詞,せいしょうねん【青少年】,まだ成人になっていない、10代前後の若い人。,72120
청소되다,動詞,せいそうされる【清掃される】。そうじされる【掃除される】,汚いものやゴミ、ほこりなどがきれいに取り去られる。,91894
청소하다,動詞,せいそうする【清掃する】。そうじする【掃除する】,汚いものやゴミ、ほこりなどをきれいに取り去る。,32790
체육관,名詞,たいいくかん【体育館】,室内で運動競技ができるように設けられた建物。,25365
체크 카드,,デビットカード,商品やサービスを購入した代金が預金口座の残高内で支払われるカード。,92434
쳐다보다,動詞,みあげる【見上げる】。あおぎみる【仰ぎ見る】,下から上の方を見る。,72122
초,依存名詞/名詞,す【酢】 | はじめ【初め】。しょき【初期】 | びょう【秒】,"原料を醗酵させて作る、酸味のする液体調味料。
 | ある期間の初めや初期。 | 時間で、1分の60分の1を表す単位。","79192,72123,72124"
초대,名詞,しょうたい【招待】,ある催し・会・行事などに来てくれるように客を招くこと。,72125
초대되다,動詞,しょうたいされる【招待される】,ある催し・会・行事などに来てくれるように招かれる。,80505
초대장,名詞,しょうたいじょう【招待状】,ある催し・会・行事などにに招待する旨を書いて送る手紙。,80507
초대하다,動詞,しょうたいする【招待する】。まねく【招く】。よぶ【呼ぶ】,催し・会・行事などに来てくれるように客を招く。,17163
초등학교,名詞,しょうがっこう【小学校】,児童に基本的な教育を行うための学校。満6歳で入学し、6年間基本的な教育を受ける。,32791
초등학생,名詞,しょうがくせい【小学生】,小学校に通う生徒。,25387
초록색,名詞,みどり【緑】。みどりいろ【緑色】。くさいろ【草色】。くさばいろ【草葉色】,黄色と青の中間色で、濃い草のような色。,25389
촛불,名詞,ろうそくのひ【蝋燭の火】。キャンドルライト,ろうそくにつけた火。,25513
최고,名詞,さいこう【最高】,程度が最も高いこと。,47976
최근,名詞,さいきん【最近】,現在より少し前のある時から現在までの間。,89862
최저,名詞,さいてい【最低】 ,程度や水準などが最も低いこと。,27783
추다,動詞,おどる【踊る】。まう【舞う】,舞踊の動作をする。,17161
추석날,名詞,チュソク。きゅうれきのぼんやすみ【旧暦の盆休み】,韓国の節日の一。陰暦8月15日で、新米で作った「ソンピョン」という餅や走りの果物などの食物を用意して、祭祀を行う。また、「シルム（韓国相撲）」、綱引き、「カンガンスルレ」などの民俗遊戯を楽しむ。,80401
추워지다,動詞,さむくなる【寒くなる】。ひえる【冷える】,温度が下がって空気が冷たくなるか、冷たく感じるようになる。,79552
축구,名詞,サッカー,11人が1チームになって、主に足でボールを蹴って相手チームのゴールにボールを多く入れたチームが勝つスポーツ競技。,36700
축구공,名詞,サッカーボール,サッカーをするときに用いるボール。,27821
축하,名詞,しゅくが【祝賀】。いわい【祝い】,人のめでたい事についてうれしい気持ちを込めてあいさつすること。また、そのあいさつ。,72137
축하하다,動詞,しゅくがする【祝賀する】。いわう【祝う】,人のめでたい事についてうれしい気持ちを込めてあいさつする。,63664
출구,名詞,でぐち【出口】,内から外へ出られるドアや通路。,72138
출근,名詞,しゅっきん【出勤】。しゅっしゃ【出社】,働くために勤務先へ出ること。,72139
출근하다,動詞,しゅっきんする【出勤する】。しゅっしゃする【出社する】,働くために勤務先へ出る。,62368
출발,名詞,しゅっぱつ【出発】。しゅったつ【出立】。たびだち【旅立ち】。でたち【出立ち】,目的地に向かって出かけること。,72140
출발되다,動詞,しゅっぱつされる【出発される】。しゅったつされる【出立される】。スタートされる,目的地に向かって出かけるようになる。,79135
출발하다,動詞,しゅっぱつする【出発する】。しゅったつする【出立する】,目的地に向かって出かける。,72141
출석,名詞,しゅっせき【出席】,授業や集会などに出て参加すること。,79758
출석하다,動詞,しゅっせきする【出席する】,授業や集会などに出て参加する。,27818
춤,名詞,おどり【踊り】。ぶよう【舞踊】。ぶとう【舞踏】。まい【舞い】。ダンス,音楽や規則的なリズムに合わせて身体を動かすこと。,29542
춤추다,動詞,おどる【踊る】。まう【舞う】,音楽や規則的なリズムに合わせて身体を動かす。,72145
춥다,形容詞,さむい【寒い】,大気の温度が低い。,72146
충분하다,形容詞,じゅうぶんだ【十分だ・充分だ】。たりる【足りる】,不足がなく、余裕がある。,72147
취미,名詞,しゅみ【趣味】,好きで楽しみとしてしている事柄。,72149
취소,名詞,とりけし【取り消し】。ちゅうし【中止】。キャンセル,すでに発表した事を無効とするか、約束したことや予定されている事を取りやめること。,72150
취소되다,動詞,とりけされる【取り消される】。ちゅうしされる【中止される】。キャンセルされる,すでに発表した事が無効となるか、約束したことや予定されている事が取りやめられる。,78909
취소하다,動詞,とりけす【取り消す】。ちゅうしする【中止する】。キャンセルする,すでに発表した事を無効とするか、約束したことや予定されている事を取りやめる。,72151
취직,名詞,しゅうしょく【就職】。しゅうぎょう【就業】。しゅうろう【就労】,一定の職業を得て職場に行くこと。,72152
취직되다,動詞,しゅうしょくする【就職する】。しゅうぎょうする【就業する】。しゅうろうする【就労する】。しゅうしょくされる【就職される】。しゅうぎょうされる【就業される】。しゅうろうされる【就労される】,一定の職業を得て職場に行くようになる。,78998
취직하다,動詞,しゅうしょくする【就職する】。しゅうぎょうする【就業する】。しゅうろうする【就労する】,一定の職業を得て職場に行く。,78999
층,名詞,そう【層】,複数の物質や物体が平たく伸びて積み重なっているものの一つ。また、そのように積み重なっている状態。,20264
치과,名詞,しか【歯科】,歯や歯茎などの支持組織、口腔などの病気を治療する医学分野。また、その分野の病医院。,72153
치다,動詞,うつ【打つ】。たたく【叩く】。なぐる【殴る】,手や他のものが何かに強くぶつかるようにする。,57323
치료,名詞,ちりょう・じりょう【治療】。りょうじ【療治】,病気やけがなどを治すこと。,83170
치료되다,動詞,ちりょうされる・じりょうされる【治療される】。りょうじされる【療治される】,病気やけがなどが治る。,79341
치료하다,動詞,ちりょうする・じりょうする【治療する】。りょうじする【療治する】,病気やけがなどを治す。,72154
치마,名詞,スカート,"下半身を覆う女性服で、両足をそれぞれ入れる部分のない服。
",57331
치약,名詞,はみがき【歯磨き】。はみがきこ【歯磨粉】,歯を磨く時に使うもの。,26903
친구,名詞,とも【友】。ともだち【友達】。ゆうじん【友人】。ほうゆう【朋友】,関係が近くて、親しく交わっている人。,29742
친절,名詞,しんせつ【親切】。やさしさ【優しさ】,人に接する態度が優しくて思いやりがあること。また、そのような態度。,72156
친절하다,形容詞,しんせつだ【親切だ】。やさしい【優しい】,人に接する態度が優しくて思いやりがある。,72157
친척,名詞,しんせき【親戚】。しんぞく【親族】。しんるい【親類】。みより【身寄り】。みうち【身内】,父母や配偶者と血縁関係で結ばれた人。,72158
친하다,形容詞,したしい【親しい】。しんみつだ【親密だ】。ちかい【近い】,近く交際して互いをよく知っていて情が厚い。,80614
칠,冠形詞/数詞,しち・なな【七】 | しち・なな【七】,6に1を足した数。 | 七つの。,"71470,71471"
칠십,冠形詞/数詞,しちじゅう・ななじゅう【七十】 | しちじゅう・ななじゅう【七十】,10の7倍の数。 | 七十の。,"35087,35085"
칠월,名詞,しちがつ【七月】,一年の7番目の月。,30186
칠판,名詞,こくばん【黒板】,白墨で字を書き示すのに用いる、濃い緑色または黒色の板。,18796
칠판지우개,名詞,こくばんけし【黒板消し】。イレーザー,黒板やホワイトボードなどに書いた字や図画などをこすって消す道具。,80719
침대,名詞,しんだい・ねだい【寝台】。ベッド,人が横になって寝られるように作られた家具。,36702
침실,名詞,しんしつ・ねや【寝室】。ベッドルーム,住宅で、主に寝るために使う部屋。,72159
칫솔,名詞,はブラシ【歯ブラシ】,歯を磨くのに用いるブラシ。 ,31504
칭찬,名詞,しょうさん【称賛】,人の良いところや善行などについて非常に優れていると評価し、そのことを言葉に表現すること。また、その褒め言葉。,72160
칭찬하다,動詞,しょうさんする【賞賛する】。ほめる【褒める・誉める】。たたえる【称える】。ほめたたえる【褒め称える】,人の良いところや善行などについて非常に優れていると評価し、そのことを言葉で表現する。,28143
카드,名詞,カード,ある事柄の証明や記録のために一定のサイズと規格に従って切断した厚い紙・厚いプラスチック。,71472
카디건,名詞,カーディガン,前開きのスタイルでボタンをかけるようになっている毛糸で編んだセーター。,80947
카메라,名詞,カメラ,写真を撮る器械。,57332
카페,名詞,カフェ。コーヒーてん【コーヒー店】。きっさてん【喫茶店】,主にコーヒーや紅茶のような飲み物、軽い間食などを販売する店。,72162
카페라테,名詞,カフェラテ,エスプレッソにミルクを混ぜたコーヒー。,601232
카푸치노,名詞,カプチーノ,泡立てた熱い牛乳にエスプレッソを混ぜて飲むコーヒー。,601233
칼,名詞,かたな【刀】。ほうちょう【包丁】。ナイフ。はもの【刃物】,"物を切ったり削ったりするのに用いる道具。
",26905
캔,名詞,かん【缶】,ブリキやアルミニウムなどで作った容器。,83106
캔디,名詞,キャンディー。キャンデー。あめ【飴】,水飴や砂糖を煮固めて一口大に作った堅くて甘い菓子。,83107
캥거루,名詞,カンガルー,オーストラリアおよび周辺の諸島に生息し、雌は産まれた子を下腹部の袋に入れて育てる動物。,83133
커피,名詞,コーヒー。コーヒーまめ【コーヒー豆】。コーヒーこな【コーヒー粉】,煎って粉にしたものを熱湯でこしたり煮出したりして飲む、コーヒーの木の種子、またはその粉。,27372
커피숍,名詞,コーヒーショップ。コーヒーてん【コーヒー店】。カフェ。きっさてん【喫茶店】,人々が主にコーヒーや紅茶などを飲みながら話し合ったり休憩したりするようにした店。,83150
컴퓨터,名詞,コンピューター,電子回路を用いて文書・写真・映像などの大量のデータを迅速かつ正確に処理する装置。,72167
컴퓨터 게임,,コンピューターゲーム,コンピューターを使ってする娯楽。,83219
컴퓨터실,名詞,コンピューターしつ【コンピューター室】,教育や研究などを行うためにコンピューター設備を整えた部屋。,601455
컵,名詞,カップ。コップ,水や飲料を入れる容器。,32792
컵라면,名詞,カップラーメン,カップ模様のインスタント容器に入っていて、お湯を注いで簡便に食べられるようにしたラーメン。,83220
케이크,名詞,ケーキ,小麦粉に卵・バター・牛乳・砂糖などを混ぜてこねてからオーブンに入れて焼いた後、生クリームや果物などでデコレーションした洋菓子。,83235
케이팝,名詞,K-POP,現代韓国の大衆歌謡を他国の大衆歌謡に対して言う語。主にアイドルグループの歌を指す。,601341
켜다,動詞,つける【付ける・点ける】 | ひく【挽く・引く】,灯火やろうそくなどに火をつけたり、マッチやライターなどを利用して火を起こす。 | 鋸を使用して木材を縦の方向に切断する。,"72168,83239"
켤레,依存名詞,そく【足】。つい【対】。くみ【組】,履物・靴下・手袋など、一そろいの物を一つとして数える単位。,83253
코,名詞,はな【鼻】,"息をして、においを嗅ぐ身体の一部。
",46814
코감기,名詞,はなかぜ【鼻風邪】,鼻がつまり、鼻水が出る症状の風邪。,83256
코끼리,名詞,ぞう【象】,"非常に長い鼻と二つの大きい奥歯を持っている、陸地動物の中で一番大きい動物。
",28148
코미디언,名詞,コメディアン,喜劇を専門にする役者。,81160
코코아,名詞,ココア,カカオの豆をひいて粉末にした茶色の粉。,81213
콘서트,名詞,コンサート。えんそうかい【演奏会】。おんがくかい【音楽会】,楽器を演奏したり歌を歌って聴衆に聞かせる催し。,28165
콜라,名詞,コーラ,甘味や特有の香りがする黒色の炭酸飲料。,17238
콧물,名詞,はなみず【鼻水】。はなじる・ びじゅう【鼻汁】。みずばな【水洟】,鼻から出る粘ついた液体。,81350
콩,名詞,まめ 【豆・荳・菽】,豆腐やテンジャンなどの材料として使われる、黄色や黒の薄い皮で覆われている円形の穀物。,72171
쿠션,名詞,クッション,いすや乗り物の座席などで、座り心地を良くするために羽毛やばねなどを中に入れて作ったもの。,81147
쿠키,名詞,クッキー,小麦粉に色々な材料を加えて焼いた洋菓子。,81154
쿠폰,名詞,クーポン。かいすうけん【回数券】,1枚ずつ切り取って現金のように使用する券。,81164
크기,名詞,おおきさ【大きさ】。サイズ,物のかさ、広さ、量などが大きい程度。,62458
크다,動詞/形容詞,そだつ【育つ】。せいちょうする【成長する】 | おおきい【大きい】。たかい【高い】,動物・植物が育つ。 | 長さ・広さ・高さ・かさなどが普通の水準を超える。,"66584,66586"
크리스마스이브,名詞,クリスマスイブ。イブ。せいや【聖夜】,クリスマスの前日である12月24日の夜。,81396
크리스마스트리,名詞,クリスマスツリー,クリスマスのとき、星飾り・鐘・豆電球などの様々な飾りで装飾して立てる木。,90008
큰-,接辞,いちばんうえの【一番上の】,「長者」という意を付加する接頭辞。,83195
큰누나,名詞,ちょうし【長姉】,姉が二人以上いるとき、いちばん上の姉。,81416
큰소리,名詞,おおごえ【大声】。どなりごえ【怒鳴り声】,声を張り上げて叱りつける声。,28172
큰아버지,名詞,おじ【伯父】。おじさん【伯父さん】,父の長兄。または、その人を呼ぶ語。,28175
큰어머니,名詞,おば【伯母】。おばさん【伯母さん】,父の長兄の妻を指したり呼ぶ語。,28178
큰언니,名詞,ちょうし【長姉】,姉が二人以上いるとき、いちばん上の姉。,81537
큰오빠,名詞,ちょうけい【長兄】,兄が二人以上いるとき、いちばん上の兄。,81538
큰형,名詞,ちょうけい【長兄】,兄が二人以上いるとき、いちばん上の兄。,81655
클럽,名詞,クラブ。どうこうかい【同好会】,共通の趣味活動や社交のために組織された団体。,49263
키,名詞,せ【背】。せたけ【背丈】。しんちょう【身長】。みのたけ【身の丈】,"人や動物がまっすぐに立った時のかかとから頭頂までの体の高さ。
",20269
키우다,動詞,そだてる【育てる】。かう【飼う】。しいくする【飼育する】。つちかう【培う】。やしなう【養う】,動物・植物に手をかけて育つようにする。,66587
키위,名詞,キウイ。キーウィ。キウイフルーツ,卵の形をした果実の表面に褐色の毛があり、果肉は真ん中は黄色でその周りは淡緑色で、黒い種子が並んでいる果物。,81824
킬로,依存名詞,キロ。キログラム,重さの単位。,72175
킬로그램,依存名詞,キログラム。キロ,重さの単位。,72176
킬로미터,依存名詞,キロメートル。キロ,長さの単位。,72177
타다,動詞,もえる【燃える】。ねんしょうする【燃焼する】 | のる【乗る】 | いれる【入れる】。まぜる【混ぜる】。くわえる【加える】。わる【割る】,火種や高熱によって炎が立ったり火がついて炎が広がる。 | 乗り物の中に入ったり、移動のために動物の上に上がる。 | 多量の液体に小量の液体や粉末を入れて混ぜる。,"91122,17160,91123"
타워,名詞,タワー,塔のように高くて先端が尖っている形に造った建築物。,79710
타이,名詞,タイ。ネクタイ,主としてスーツを着る時、ワイシャツの襟もとに巻いて正面で結ぶ細長い布。,79737
탁구,名詞,たっきゅう【卓球】。ピンポン,四角い卓球台の真ん中にネットを立てて、相手コートに向かってラケットでボールを打ち合う室内スポーツ競技。,49270
태권도,名詞,テコンドー【跆拳道】,韓国の伝統武術に基づいた格技で、拳と足などを用いて蹴り、突き、防ぎなどの技で攻撃と防御をするスポーツ競技。,58168
태도,名詞,たいど【態度】。しせい【姿勢】,身体の動きや物事に対する心が表に現れた姿勢。,62414
태어나다,動詞,うまれる【生まれる】。しゅっしょうする・しゅっせいする【出生する】。たんじょうする【誕生する】,人間や動物の子が一定の形となって母親の胎内から出る。,72180
태풍,名詞,たいふう【台風】,主に7月から9月にかけて太平洋から韓国や日本などのアジア大陸の東部に向かって近づいてくる、激しい暴風雨を伴う風。,72181
택배,名詞,たくはい【宅配】。たくはいびん【宅配便】,郵便や荷物、商品などを、顧客の希望する所まで直接配達すること。,80833
택시,名詞,タクシー,料金を受け取って客の希望に応じて目的地まで客を乗せて運送する営業用乗用車。,18772
터미널,名詞,ターミナル,飛行機・汽車・バスなどの交通路線が集中している、主に最初の駅か終着駅。,72184
테니스,名詞,テニス。ていきゅう【庭球】,ネットを挟んでラケットでボールを打ち合うスポーツ競技。,37605
테니스장,名詞,テニスコート。ていきゅうじょう【庭球場】,テニスをする競技場。,80136
테이블,名詞,テーブル,支える脚があり、上が平らで物を置くことができる机状の家具。,72186
텔레비전,名詞,テレビジョン。テレビ,放送局が電波で送信する映像と音声を受信して、画面に映し出す機械。,27373
토끼,名詞,うさぎ【兎】,"耳が長く、後肢が前肢より発達して、しっぽは短い動物。
",89388
토마토,名詞,トマト,球状のこぶしサイズの実で、緑色で熟すと赤くなる野菜。,89390
토요일,名詞,どようび【土曜日】。どよう【土曜】,月曜日を基準とした１週間の6日目。,30214
통,名詞,たま【玉】,よく熟した白菜やスイカ、カボチャなどの実。,81468
퇴근,名詞,たいきん【退勤】,職場で勤務が終わって、勤め先から退出すること。,71296
퇴근하다,動詞,たいきんする【退勤する】,職場で勤務が終わって、勤め先から退出する。,82103
퇴원,名詞,たいいん【退院】,一定期間入院して治療を受けていた患者が、病院から出ること。,82873
퇴원하다,動詞,たいいんする【退院する】,一定期間入院して治療を受けていた患者が、病院から出る。,82874
투피스,名詞,ツーピース,上着とスカートが同じ布で作られて一組になっている婦人服。,82165
튀기다,動詞,あげる【揚げる】,熱した油の中に材料を入れて、天ぷら・フライにする。,82380
튀김,名詞,てんぷら【天ぷら】。あげもの【揚げ物】。フライ。フリッター ,魚・肉・野菜などに小麦粉の衣をつけ、油で揚げたもの。,82383
트럭,名詞,トラック,貨物を運搬する自動車。,82436
특별하다,形容詞,とくべつだ【特別だ】,普通と違う。,71297
특별히,副詞,とくべつに【特別に】,普通とは違って。,71298
특히,副詞,とくに【特に】,普通とは違って。,71300
튼튼하다,形容詞,じょうぶだ【丈夫だ】。がんじょうだ【頑丈だ】,非常に硬くて強い。,71480
틀다,動詞,ひねる【捻る】。まわす【回す】。ねじる,体や体の一部を捻って回す。,89816
틀리다,動詞,まちがう【間違う】。まちがえる【間違える】,計算・答え・事実などが合っていない。,71481
티,名詞,ティーシャツ,T字型の半袖のシャツ。,82664
티브이,名詞,テレビ。テレビジョン,放送局が電波で送る映像と音声を受信して、画面に映し出す機械。,71302
티셔츠,名詞,ティーシャツ,T字型の半袖のシャツ。,82674
티켓,名詞,チケット,入場券や乗車券などの切符。,82678
팀,名詞,チーム。くみ【組】,ある目的のために協力して行動するグループ。,20274
파,名詞,ねぎ【葱】,中空で細長い葉の先端はとがり、独特な匂いや味を持っていて薬味としてよく使う野菜。,71303
파란색,名詞,あおいろ【青色】。あおいいろ【青い色】。ブルー,晴れた空や澄んだ海のような色。,71305
파랗다,形容詞,あおい【青い】,晴れた空や澄んだ海のように、明るくて鮮やかに青い。,71306
판다,名詞,パンダ,体が大きく、頭と胴体の体毛は白く、目の周りと耳や足などの毛は黒い、クマ科の動物。,80710
팔,冠形詞/名詞/数詞,うで【腕】 | はち【八】 | はち【八】,"肩から手首までの部分。
 | 7に1を足した数。 | 八つの。","32794,31598,31629"
팔 운동,,うでのうんどう【腕の運動】,腕の筋肉や機能などを強化するために、腕を動かしてする運動。,82836
팔다,動詞,うる【売る】,代金と引き換えに品物や権利を相手に渡したり労働力を提供したりする。,71482
팔리다,動詞,うられる【売られる】。うれる【売れる】,代金と引き換えに品物や権利が相手に渡されたり労働力が提供されたりする。,71483
팔십,冠形詞/数詞,はちじゅう【八十】 | はちじゅう【八十】,10の8倍の数。 | 八十の。,"26908,89597"
팔월,名詞,はちがつ【八月】,一年の8番目の月。,30188
팔찌,名詞,ブレスレット。バングル。うでわ【腕輪】,金・銀・皮などでつくられた、手腕にはめる装飾品。,82830
팝,名詞,ポップス。ポップミュージック,多くの人が楽しむ大衆向けの西洋音楽。,82826
팝송,名詞,ポップソング,西洋の大衆向けの音楽。,80677
팝콘,名詞,ポップコーン,トウモロコシの実を炒ってはじけさせ、味付けをしたもの。,80681
패키지,名詞,パッケージ,包んで郵便で送る物品。,80997
팬,名詞,パン,食べ物を炒めたり焼いたりするのに用いる、取っ手のついた平なべ。,71315
펜,名詞,ペン,インキや墨などをつけ、字を書く筆記具。,81973
펴다,動詞,ひろげる【広げる】。ひらく【開く】,畳んだり巻いてあるものを開く。,71484
편도,名詞,かたみち【片道】,往路か復路かの一方。また、その道。,82008
편리,名詞,べんり【便利】,利用しやすく、都合の良いこと。,82024
편리하다,形容詞,べんりだ【便利だ】,利用しやすく、都合が良い。,71329
편안,名詞,きらく【気楽】。ここちよさ【心地よさ】。へいあん【平安】,心身が安定していて気持ちが良いこと。,82047
편안하다,形容詞,きらくだ【気楽だ】。ここちよい【心地よい】。へいあんだ【平安だ】,心身が安定していて気持ちが良い。,71333
편의점,名詞,コンビニエンスストア。コンビニ,長い間、または一日中営業していて、簡単な生活必需品、食料品、インスタント食品などを扱う小売店。,82055
편지,名詞,てがみ【手紙】。しょかん【書簡】,用事などを記して、人に送る文書。,24147
편지봉투,,ふうとう【封筒】。じょうぶくろ【状袋】,手紙を入れる紙の袋。,82077
편지하다,動詞,てがみをかく【手紙を書く】,手紙を送る。,82084
편찮다,形容詞,ここちよくない【心地よくない】。ぐあいがわるい【具合が悪い】,心身が楽ではなく、つらい。,87901
편하다,形容詞,らくだ【楽だ】。きらくだ【気楽だ】。ここちよい【心地よい】,心身がつらくなく、気持ちがいい。,71334
평소,名詞,へいそ【平素】。ふだん【普段】。つねひごろ【常日頃】,特別なことのない、普通の時。,71341
평일,名詞,へいじつ【平日】。ふだん【普段】。へいそ【平素】,特別なことのない、普通の日。,81325
포도,名詞,ぶどう【葡萄】,甘酸っぱい味の、小さい実が房状になる紫色の果物。,62808
포장,名詞,ほうそう【包装】。ラッピング,物品を包んだり、荷造りしたりすること。また、そのときに用いる材料。,71349
포장되다,動詞,ほうそうされる【包装される】。つつまれる【包まれる】。ラッピングされる,物品が包まれたり、荷造りされたりする。,84603
표,名詞,きっぷ【切符】。けん【券】。チケット ,"権利があることを証明する紙片。
",71353
푸르다,形容詞,あおい【青い】。あおあおとする【青青とする】,晴れた秋空や深い海、生き生きとした草の色ように、明るくて鮮やかだ。,73266
푹,副詞,ぐっすり。ゆったり,熟睡したり疲れた体を休めたりするさま。,83605
풀다,動詞,ほどく【解く】。ときほぐす【解きほぐす】,結んだり縛ったり、もつれたりしているものを元に戻す。,29761
풍경,名詞,ふうけい【風景】。ふうこう【風光】。けしき【景色】,自然または地域の美しい景観。,72392
프라이팬,名詞,フライパン,炒め物・揚げ物などに用いる、浅くて底が平らで柄のついた鍋。,84488
프로그램,名詞,プログラム,ある行事の進行計画や順序を記したもの。または、その行事の細目。,60621
피,名詞,ち【血】。けつえき【血液】,人や動物の体内の血管を循環しながら酸素と栄養を供給し、老廃物を運ぶ赤い液体。,73269
피 검사,,けつえきけんさ【血液検査】,血液を採って血液型または病気の有無などを調べる検査。,83790
피곤,名詞,つかれ【疲れ】。ひろう【疲労】。くたびれ【草臥れ】,心身が疲れていて辛いこと。,83798
피곤하다,形容詞,つかれる【疲れる】,"心身が疲れていて辛い。

",60291
피다,動詞,さく【咲く】。ひらく【開く】,花のつぼみや葉などが開く。,73270
피시,名詞,PC。パーソナルコンピューター。パソコン,家庭や仕事場で、個人の使用を目的に作られたコンピューター。,72403
피시방,名詞,インターネットカフェ。ネットカフェ,店内に設置されているパソコンを有料で利用できる施設。,84139
피아노,名詞,ピアノ,黒と白の鍵盤を指で叩いたり押したりして音を出す大きな楽器。,31505
피우다,動詞,さかせる【咲かせる】,花のつぼみや葉などを開かせる。,73272
필요,名詞,ひつよう【必要】,必ず要ること。,72405
필요하다,形容詞,ひつようだ【必要だ】,必ず要する。,46945
필통,名詞,ふでづつ【筆筒】。ふでたて【筆立て】,筆・鉛筆などの筆記用具をさしておく筒形の用具。,84661
하나,名詞/数詞,ひとつ【一つ】。いちがん【一丸】 | ひとつ【一つ】。いち【一・壱】,"志、心、考えなどが一致したりまとまったりすること。
 | 数字を数えるときの最初の数。","20283,20279"
하늘,名詞,てん【天】。そら【空】,"地上に無限に広がる空間。
",20311
하늘색,名詞,そらいろ【空色】,青と白の中間の色で、晴れた空のような色。,84156
하다,動詞,する【為る】。やる【遣る】。なす【成す・為す】,"ある行動や動作、活動などを行う。
",73277
하루,名詞,いちにち【一日】 ,"午前零時から午後12時までの24時間。
",49315
학교,名詞,がっこう【学校】,一定の目的、教科課程、制度などに従って、児童・生徒・学生を教育する機関。,73276
학교생활,名詞,がっこうせいかつ【学校生活】,児童・生徒・学生が、学校で活動しながら生活すること。,84032
학기,名詞,がっき【学期】,1学年を学業の必要に応じて区分した一定の期間。,72420
학년,名詞,がくねん【学年】,学校で定めた1年間の学習課程の単位。,31671
학생,名詞,じどう【児童】。せいと【生徒】。がくせい【学生】,学校に通って勉強する人。,31670
학생증,名詞,がくせいしょう【学生証】,在学を証明する文書。,83726
학원,名詞,がくいん【学院】。がくえん【学園】。がっこう【学校】,一定の目的、教科課程、制度などに従って、児童・生徒・学生を教育する機関。,72425
한,冠形詞,いち【一】,1の。,73278
한가하다,形容詞,ひまだ【暇だ】,忙しくなく、ゆったりしている。,84082
한글,名詞,"ハングル
","韓国固有の文字。

",91525
한글 학교,,ハングルがっこう【ハングル学校】,光復の日以降、文字の読み書きができない人にハングルを教えていた教育機関。,84105
한두,冠形詞,いちに【一二】。ひとつふたつ【一つ二つ】,一つか二つの。,72433
한둘,数詞,いちに【一二】。ひとつふたつ【一つ二つ】,一つか二つほどの数量。,72435
할머니,名詞,おばあさん【御祖母さん】。そぼ・ばば【祖母】,父または母の母親を指したり呼ぶ語。,27375
할아버지,名詞,おじいさん【御祖父さん】。そふ・じじ・じい【祖父】,父または母の父親を指したり呼ぶ語。,74121
할인,名詞,わりびき【割引】。ディスカウント,一定の価格から、ある割合の金額を引くこと。,72464
할인되다,動詞,わりびきされる【割引される】。わりびかれる【割り引かれる】。ディスカウントされる,一定の価格から、ある割合の金額が引かれる。,84574
할인하다,動詞,わりびきする【割引する】。わりびく【割り引く】。ディスカウントする,一定の価格から、ある割合の金額を引く。,84248
함께,副詞,いっしょに【一緒に】。ともに【共に】,複数の人がともに。,72465
항공,名詞,こうくう【航空】,航空機などに乗って空中を飛行すること。,84806
항공권,名詞,こうくうけん【航空券】,飛行機に乗るためのチケット。,84807
항상,副詞,いつも。つねに【常に】,いつでも変わることなく。,83162
해,名詞,ひ【日】。たいよう【太陽】,太陽系の中心にあって、温度が非常に高くて自ら光を放つ恒星。,72468
해마다,副詞,まいとし・まいねん【毎年】,年ごとに。,72472
핸드폰,名詞,けいたいでんわ【携帯電話】。けいたい【携帯】。ケータイ,持ち歩きながら使用できる小型の無線電話機。,58170
햄,名詞,ハム,豚肉を塩漬けしてから燻製・乾燥してつくった加工食品。,84954
햇빛,名詞,ひざし【日差し】。にっこう【日光】,太陽の光。,72476
행동,名詞,こうどう【行動】。ふるまい【振る舞い】。おこない【行い】,体を動かしてある事や動作をすること。,72478
행동하다,動詞,こうどうする【行動する】。ふるまう【振る舞う】,体を動かして、ある事や動作をする。,72479
행복,名詞,こうふく【幸福】。しあわせ【幸せ】。さいわい【幸い】,運がよいこと。,72480
행복하다,形容詞,しあわせだ【幸せだ】。こうふくだ【幸福だ】,人生で十分な満足と喜びを感じて嬉しい。,72481
행사,名詞,ぎょうじ【行事】。もよおし【催し】,目的や計画の下で、手続きにそってある事を行うこと。また、その事柄。,72482
허리,名詞,こし【腰】 ,"人や動物の身体で肋骨の下から尻骨までの部分。
",30201
헤어지다,動詞,わかれる【別れる】。はなれる【離れる】,一緒にいた人と離れる。,58271
헬스,名詞,ヘルス,主にフィットネスクラブで器具を使って体を鍛える運動。,601268
헬스장,名詞,フィットネスクラブ。ヘルスクラブ。スポーツクラブ。スポーツジム,健康を維持したり、体形を整えたりできるように、各種運動器具や施設を備えている場所。,86977
헬스클럽,名詞,フィットネスクラブ。ヘルスクラブ。スポーツクラブ。スポーツジム,健康を維持したり、体形を整えたりできるように、各種運動器具や施設を備えている場所。,86978
혀,名詞,した【舌】。べろ,"人間や動物の口腔底にある、長くて赤い肉。
",74125
현금,名詞,げんきん【現金】。キャッシュ,手形・小切手・債券ではなく、政府または金融と通貨政策の主体となる銀行が発行する貨幣。,73071
현금 인출기,,げんきんじどうあずけばらいき【現金自動預け払い機】,特定のカードを用いて自分の口座から現金の引き出しができる機械。,87132
현금 자동 지급기,,げんきんじどうあずけばらいき【現金自動預け払い機】,特定のカードを用いて自分の口座から現金の引き出しができる機械。,87131
현금 카드,名詞,キャッシュカード,現金の引き出しのできる機械に挿入すると、自分の口座から必要な金額が引き出せるカード。,87134
현재,副詞/名詞,げんざい【現在】 | げんざい【現在】,今、この時。 | 今、この時に。,"62446,62447"
형,名詞,あに【兄】。あにき【兄貴】,男の人がきょうだいや親戚のきょうだいのうち、自分より年上の男の人を指したり呼ぶ語。,20286
형제,名詞,きょうだい【兄弟】,兄と弟。,73223
호,依存名詞,ごう【号】,順序や順番を表す語。,26911
호랑이,名詞,とら【虎】 ,"黄褐色の体に黒色の横縞があって、他の動物を捕食する図体の大きい動物。
",74128
호선,依存名詞,ごうせん【号線】,地下鉄の各路線を意味する語。,73224
호수,名詞,みずうみ【湖】,土で囲まれ、池より大きく深いもの。,73225
혹시,副詞,もし【若し】。もしかしたら【若しかしたら】。まんいち【万一】。ひょっとして,そうなる可能性は極めて低いが、もしかして。,87955
혼자,副詞/名詞,ひとり【独り】 | ひとり【独り】,他の人がいず、ただ一人。 | 他の人がいないさま。,"30207,30208"
홈 쇼핑,,ホームショッピング,家の中でテレビやインターネットなどを見ながら商品を選び、電話やインターネットを使って購入すること。,87583
홍차,名詞,こうちゃ【紅茶】,茶の木の葉を醗酵・乾燥したもので、沸かした湯に入れると清んだ赤色になり、香りがある茶。,87573
화,名詞,いかり【怒り】。いきどおり【憤り】。はらだち【腹立ち】,"不機嫌になったり怒ったりする感情。
",74134
화가,名詞,がか【画家】。えかき【絵かき】,絵を専門的に描く人。,73228
화나다,動詞,はらがたつ【腹が立つ】。むかつく,非常に気に障ったり、気にくわず、気分が悪くなる。,87582
화내다,動詞,おこる【怒る】。はらがたつ【腹が立つ】,非常に気を悪くして、憤りを表わす。,87954
화려하다,形容詞,はでだ【派手だ】,艶やかで美しく、キラキラしてきれいだ。,73229
화요일,名詞,かようび【火曜日】,月曜日を基準にした一週間の2日目。,73231
환영,名詞,かんげい【歓迎】,来る人を喜んで暖かく迎えること。,73239
환영하다,動詞,かんげいする【歓迎する】,来る人を喜んで暖かく迎える。,89144
환자,名詞,かんじゃ【患者】,病気の人や怪我人。,31669
환전,名詞,りょうがえ【両替】,ある国の貨幣を他国の貨幣と交換すること。,87065
환전하다,動詞,りょうがえする【両替する】,ある国の貨幣を他国の貨幣と交換する。,87067
회,名詞,さしみ【刺身】,肉や魚などを生のまま薄く切って食べる料理。,87810
회사,名詞,かいしゃ【会社】,商行為などを通した営利を目的に多数の人が集まって設立した社団法人。,31668
회사원,名詞,かいしゃいん【会社員】,会社に属して働く人。,88134
회색,名詞,はいいろ【灰色】,黒と白の中間で、灰の色のような色。,73242
회원,名詞,かいいん【会員】,ある会の構成員。,73243
회의,名詞,かいぎ【会議】,何人ものの人が集まって議論すること。また、その会合。,73244
회의하다,動詞,かいぎする【会議する】,何人もの人が集まって議論する。,90097
횡단보도,名詞,おうだんほどう【横断歩道】,人が渡れるように道路上に示された道。,73246
후,名詞/感嘆詞,ふう | あと【後】,仕事が大変だったり心配なことがあった時に、息を大きく長く吐き出す声。 | ある程度の時間が過ぎた後。,"600808,62885"
후배,名詞,こうはい【後輩】,同じ分野で、自分より遅く仕事を始めた人。,73247
훌륭하다,形容詞,すばらしい【素晴らしい】。りっぱだ【立派だ】,賞賛に値するほど、非常に見事で抜きん出ていること。,73249
훨씬,副詞,はるかに【遥かに】,何かと比べて差が大きいさま。,73250
휴가,名詞,きゅうか【休暇】,職場や軍隊などの団体に属している人が一定の期間、仕事先から離れて休みを取ること。また、その期間。,73251
휴게실,名詞,きゅうけいしつ【休憩室】,しばらく立ち寄って休めるように設けた部屋。,88410
휴대 전화,,けいたいでんわ【携帯電話】。けいたい【携帯】。ケータイ,持ち歩きながら使用できる、小型の無線電話機。,88424
휴대폰,名詞,けいたいでんわ【携帯電話】。けいたい【携帯】。ケータイ,持ち歩きながら使用できる、小型の無線電話機。,88425
휴일,名詞,きゅうじつ【休日】,日曜日や祝日などのような、仕事をせずに休む日。,73252
휴지,名詞,かみくず【紙くず】,使い道のない紙。,44797
휴지통,名詞,くずいれ【屑入れ】。くずかご【屑篭】,使い物にならない紙やゴミなどを捨てる器や籠。,31509
흐르다,動詞,ながれる【流れる】 ,"水などの液体が低い所に移動したり、ある場所を通って行ったりする。
",29757
흐리다,形容詞,ぼんやりする,記憶や考えなどがはっきりしない。,89184
흔들다,動詞,ふる【振る】,何かを前後左右に何度も動かすようにする。,29776
흘리다,動詞,こぼす,水や小さな粒などをこぼしたり、落としたりする。,91709
희망,名詞,きぼう【希望】。のぞみ【望み】,将来よいことがあると期待して望むこと。,73256
희망하다,動詞,きぼうする【希望する】,未来のあることに対して期待を持つ。,88509
흰색,名詞,はくしょく【白色】,雪や牛乳のような色。,62883
힘,名詞,ちから【力】。たいりょく【体力】,人や動物が自ら動いたり、他の事物を動かすための筋肉の作用。,28633
힘내다,動詞,がんばる【頑張る】,地道に力を尽くして物事をやり遂げる。,88915
힘들다,形容詞,たいへんだ【大変だ】,力を多く要するところがある。,91737
힘들어지다,動詞,たいへんになる【大変になる】。むずかしくなる【難しくなる】,力を多く要するところが生じる。,88832
